Codigo;Hacinamiento;VIvInconv;SanitarioNo;EscolaridadNO;SUbsiNo;NBISi
660070101;22.53;56.59;6.59;8.79;0;67.03
660070102;10;22.5;0;10;2.5;40
660070103;25;0;0;8.33;0;33.33
660070104;9.71;16.5;11.65;12.62;1.94;36.89
660070105;3.28;16.39;19.67;4.92;1.64;32.79
660070106;10.43;12.88;4.29;2.45;1.23;22.7
660070107;13.83;33.51;7.98;3.19;1.06;48.94
660070108;9.04;13.3;2.66;3.19;2.13;26.06
660070109;7.67;6.27;1.39;4.18;0.7;15.33
660070110;7.61;9.78;2.72;4.35;4.35;26.63
660070111;5.78;17.02;5.17;5.17;3.34;28.27
660070201;11.74;31.58;7.29;6.88;2.02;43.72
660070202;7.35;16.18;7.35;0;1.47;26.47
660070203;7.14;14.29;0;0;0;14.29
660070204;16.67;37.3;12.7;4.76;2.38;50
660070205;5.66;13.58;2.64;4.53;1.13;23.4
660070206;5.26;5.26;10.53;0;0;21.05
660070207;3.83;8.94;1.7;0.43;0;13.19
660070208;5.07;14.13;0;4.35;1.09;21.38
660070209;5.7;11.03;2.66;0.76;1.52;17.87
660070210;6.39;31.2;4.14;3.38;3.01;40.23
660070211;2.97;6.93;0.5;0.99;0.99;9.9
660070212;5.1;22.95;4.53;1.42;2.83;31.73
660070213;6.25;15.81;6.99;0.37;1.1;23.16
660070214;5.92;11.83;4.23;1.69;2.82;21.69
660070215;4.63;7.12;2.14;4.63;0.71;17.08
660070301;11.11;11.11;0;0;0;11.11
660070302;0;11.11;22.22;11.11;0;22.22
660070303;4.5;15.32;7.21;7.21;2.7;28.83
660070304;0;2.7;5.41;0;0;8.11
660070305;0;5.26;0;0;0;5.26
660070306;0;20;0;0;0;20
660070307;0;30.77;30.77;0;0;46.15
660070308;14.29;0;0;14.29;14.29;28.57
660070309;0;14.29;0;0;14.29;28.57
660070310;0;60;0;10;0;70
660070311;0;42.86;0;0;0;42.86
660070312;13.04;17.39;17.39;8.7;8.7;52.17
660070313;0;0;0;0;0;0
660070314;0;48.39;3.23;0;3.23;48.39
660070315;6.17;22.63;0.82;4.94;4.53;33.33
660070401;0;0;0;6.25;6.25;12.5
660070402;0;0;0;0;0;0
660070403;0;10.53;0;0;0;10.53
660070404;0;15.38;0;0;0;15.38
660070405;12.15;7.48;17.76;0;2.8;32.71
660070406;0;23.08;0;0;0;23.08
660070407;7.41;8.89;5.19;0.74;0.74;19.26
660070408;2.5;7.5;0;0;0;7.5
660070409;1.79;3.57;3.57;0;3.57;10.71
660070410;0;27.78;16.67;11.11;5.56;44.44
660070411;0;0;0;0;0;0
660070412;0;0;0;0;0;0
660070413;5.03;5.03;3.14;0.63;4.4;16.35
660070414;10.94;18.75;17.19;3.13;0;39.06
660070415;4.17;2.5;5;2.5;0.83;13.33
660070501;1.25;47.5;7.5;3.75;1.25;55
660070502;10.71;0;28.57;3.57;10.71;39.29
660070503;3.23;0;3.23;0;9.68;12.9
660070504;0;0;11.76;5.88;2.94;20.59
660070505;0;13.04;4.35;0;2.17;19.57
660070506;19.44;2.78;22.22;5.56;2.78;44.44
660070507;0;80;0;0;0;80
660070508;4.76;0;2.38;4.76;9.52;21.43
660070509;0;0;0;11.11;0;11.11
660070510;11.06;40.87;14.9;0.96;3.37;54.81
660070601;2.98;1.08;1.9;1.36;1.36;8.4
660070602;4.88;2.44;9.76;0;0;17.07
660070603;1.67;0;15;1.67;8.33;23.33
660070604;6.83;1.55;2.8;1.24;1.86;13.04
660070605;1.93;3.38;0.97;1.93;0.97;8.7
660070606;2.91;2.59;1.62;3.56;1.94;11.97
660070607;2.53;2.11;0.42;0.42;1.27;6.33
660070608;6.47;1.49;0.5;1;1.49;10.45
660070609;3.68;5.15;0.74;2.21;1.84;12.13
660070610;3.17;5.08;1.9;0.32;1.27;10.16
660070611;6.42;2.67;1.87;1.34;3.21;13.9
660070612;16.28;1.55;6.98;3.49;2.71;26.74
660070613;8.79;1.65;2.2;2.2;4.4;18.13
660070701;0;33.33;0;0;0;33.33
660070702;0;0;0;0;0;0
660070703;11.11;22.22;11.11;0;11.11;55.56
660070704;5.26;0;5.26;0;0;10.53
660070705;4.76;8.33;2.38;1.19;2.38;14.29
660070706;0;0;13.04;0;0;13.04
660070707;0;0;0;0;0;0
660070708;11.76;0;5.88;9.8;5.88;29.41
660070709;11.18;2.63;10.53;0.66;0.66;21.05
660070710;7.02;1.75;14.04;7.02;0;22.81
660070711;0.86;0.86;4.31;1.72;0;7.76
660070712;2.36;1.57;0.79;0.79;4.72;10.24
660070713;5.33;0.67;3.33;3.33;3.33;14.67
660070801;8.33;11.83;4.57;4.57;3.49;25.27
660070802;6.19;8.85;4.87;7.52;3.1;25.22
660070803;7.3;7.87;0;12.36;0.56;24.16
660070804;6.83;7.65;4.37;5.19;3.83;23.22
660070805;10;7.6;0.8;6.8;1.2;23.2
660070806;2.68;9.52;2.98;1.49;1.79;15.77
660070807;5.8;4.35;3.19;1.74;3.19;14.49
660070808;4.35;13.33;0.29;2.61;2.61;20.87
660070809;4.01;6.79;0.93;6.79;1.54;17.59
660070810;8.33;6.14;0;4.39;3.07;17.54
660070811;10.14;16.44;13.42;2.19;3.01;35.07
660070901;3.1;5.17;3.45;4.48;1.03;14.83
660070902;3.69;14.09;4.03;2.01;0.34;21.48
660070903;1.26;4.03;0.5;0.76;0.25;6.8
660070904;1.82;6.67;0.91;1.52;1.21;10.61
660070905;1.22;2.93;0;2.2;0.73;6.83
660070906;2.37;1.32;0.26;0.79;1.84;6.05
660070907;0;0;0;0.53;0;0.53
660070908;2.8;7.94;2.8;0.93;0.47;9.81
660070909;1.77;7.08;0.29;0.59;0.59;9.14
660070910;2.41;3.61;0;1.2;0.4;6.83
660070911;2.53;6.96;2.22;1.58;1.27;12.66
660070912;3.17;9.13;2.78;0.79;1.79;15.48
660070913;5.65;7.53;2.15;2.42;2.69;18.82
660070914;3.17;8.33;0;0.79;3.17;15.08
660070915;6.96;3.3;0.37;2.56;2.56;14.29
660070916;5.49;2.53;1.69;0.42;2.95;11.39
660070917;7.92;10.4;3.47;1.49;3.47;25.74
660140101;2.5;0;3.75;2.5;1.25;10
660140102;2.67;0;12;0;2.67;17.33
660140103;1.59;3.97;11.9;0;1.59;18.25
660140104;3.3;1.1;4.4;2.2;1.1;12.09
660140105;5.84;2.6;0;1.95;0.65;11.04
660140106;1.9;4.76;0;0;0;6.67
660140201;0;0;50;0;0;50
660140202;6.01;5.46;16.39;0.55;1.64;26.23
660140203;6.94;0.46;7.41;0;1.39;14.81
660140204;1.56;1.56;15.63;0;0;18.75
660140205;2.06;2.06;4.12;0;0;8.25
660140206;4.79;2.74;1.37;0;0.68;8.22
660140207;6.51;1.18;2.37;0.59;1.78;11.83
660140208;3.35;7.11;2.09;0;1.67;12.97
660140209;3.83;10.64;0.85;0;0;13.62
660140210;3.48;4.98;0;0;0;7.46
660140211;5.21;2.37;7.58;0.95;0.95;15.17
660140212;6.62;4.64;0.66;0;1.99;12.58
660140213;7.84;10.46;2.61;0;0;18.3
660210101;4.65;0;20.93;0;0;25.58
660210102;0;3.45;10.34;0;0;10.34
660210103;4.07;4.52;0.9;0;0.45;8.6
660210104;8.24;1.18;31.76;0;0;40
660210105;3.33;1.67;11.67;0;0;16.67
660210106;4.82;1.2;1.2;0;0;7.23
660210107;18.18;0;9.09;0;0;27.27
660210108;33.33;0;16.67;0;0;50
660210109;10.53;0;10.53;0;0;15.79
660210110;4.88;2.44;2.44;2.44;2.44;14.63
660210201;0;0;0;0;0;0
660210202;4;0;36;0;0;40
660210301;11.19;1.81;0.72;3.25;0.72;16.61
660210302;9.24;3.18;2.55;0.32;0.64;14.01
660210303;2.31;4.29;1.65;0.66;0.33;8.91
660210304;7.33;5.57;0.59;1.17;0.59;14.37
660210305;2.92;5.83;0.58;0.58;0.87;9.04
660210306;3.27;6.54;0;0;0.33;9.15
660210307;4.44;4.44;0.89;0;0.44;8.89
660210308;3.99;7.69;0.57;1.99;0.28;13.11
660210309;5.95;1.49;1.49;1.12;1.12;10.04
660210310;2.44;5.85;0;0.49;0;8.29
660210311;5.04;8.61;0;0.59;0.59;12.46
660210312;3.24;1.85;0;0.46;0.93;6.48
660210313;1.52;7.98;0;0;0.76;9.51
660210314;3.42;10.65;0;0;0.76;14.07
660210315;4.4;7.23;0;0.31;0;11.01
660210316;5.8;14.29;0;0.45;1.79;18.75
660280101;2.27;4.55;9.09;0;2.27;18.18
660280102;1.9;2.54;4.44;1.27;0;9.84
660280103;7.81;5.47;7.81;3.13;0.78;21.09
660280104;1.35;0.68;0;0.68;0.68;2.7
660280105;0;0;0;0;0;0
660280106;0.25;1;0;0;0.25;1.5
660280201;0;3.61;2.41;1.2;0;6.02
660280202;0;0;4.35;0;0;4.35
660280203;0;0.57;0;0.29;0;0.86
660280204;0;0.74;0;0;0;0.74
660280205;0;1.73;0;0;0;1.73
660280206;3.26;10.7;0.93;0.47;1.86;16.28
660280207;5.36;6.43;2.41;0.54;1.34;15.01
660280208;2.41;5.42;1.2;3.01;2.41;14.46
660280301;17.71;9.11;18.49;0.26;3.13;39.32
660280302;0;4.35;8.7;0;0;8.7
660280303;12.62;16.82;19.63;0.93;1.87;40.65
660280304;11.42;13.24;10.05;0;0.91;28.31
660280305;14.56;3.85;3.85;0.27;1.65;20.6
660280306;11.94;0.65;1.29;0.65;0.97;14.19
660280307;14.19;3.38;1.69;1.01;0.68;18.92
660280308;5.56;9.09;2.02;1.01;0;16.16
660280309;10.7;3.01;1.67;1;0.33;16.05
660280310;12.5;7.74;5.36;0.6;1.79;19.05
660280311;2.92;3.65;0;0.73;0;7.3
660280312;0.66;0.33;0;0;0.33;1.32
660280313;1.35;1.35;0.45;0;0;3.15
660280314;0.44;0;0;0.44;0;0.88
660280401;10;20;10;0;0;40
660280402;0;3.7;22.22;0;0;22.22
660280403;0;3.45;20.69;0;3.45;24.14
660280404;0;0;0;0;0;0
660280501;1.45;0.73;0.36;0;0;2.55
660280502;3.29;2.1;1.2;0.3;0.3;6.29
660280503;3.01;3.01;1.25;0.5;0.25;6.77
660280504;1.14;0;0;0.23;0;1.37
660280505;1.14;0.85;0.28;0.57;0;2.28
660280506;1.43;1.07;0;0;0;2.5
660280507;0.4;0.4;0;0;0;0.8
660280508;0.9;1.81;0;0;0;2.71
660280509;0;1.16;0;0;0;1.16
660280510;0.57;1.15;0;0;0;1.44
660280511;0.26;2.05;0;0.26;0;2.56
660280512;2.82;4.47;0;1.41;0.24;8.47
660280513;1.07;1.07;0;0.53;0;2.67
660280514;0;0.34;0;0;0;0.34
660280515;4.94;3.09;1.23;0.62;1.85;11.11
660280601;1.87;4.36;0.62;1.25;0.31;8.41
660280602;4.1;10.84;0.96;0.72;0.72;15.9
660280603;4.76;6.77;0.75;0.5;1;12.03
660280604;0.65;10.13;0;0.65;0.33;11.44
660280605;1.22;10.94;1.52;0.3;0;12.16
660280606;0.63;9.06;0;0;0;9.69
660280607;0.9;0.9;0;0;0;1.79
660280608;1.3;8.31;0;0;0;9.35
660280609;0.63;7.97;0.21;0;0.21;8.39
660280610;1.61;37.1;0;0;0;37.5
660280611;2.75;23.14;1.57;0.39;0.78;26.67
660280612;0.75;4.48;0;0;0.37;5.6
660280613;2.33;2.33;0;0.23;0.7;4.9
660280614;1.81;2.71;0.45;0.9;0.45;6.33
660280615;1.28;3.42;0;0;0;4.7
660280701;11.29;4.52;3.55;0.32;0.97;17.42
660280702;5.72;1.51;1.51;2.11;0.6;11.14
660280703;3.3;4.12;0.62;0.62;1.03;9.28
660280704;5.19;4.55;2.6;1.73;0.43;12.34
660280705;8.51;6.12;2.13;2.39;0.8;16.76
660280706;10.66;1.84;4.04;1.1;1.1;17.65
660280707;3.97;6.32;3.07;1.81;0.54;14.44
660280708;4.17;19.35;0.6;1.79;0.6;25.89
660280709;7;2.33;3;2;1.33;14.67
660280710;5.26;10.18;5.26;2.81;0.35;20.35
660280711;4.97;7.28;0;1.99;0.33;13.91
660280712;5.61;2.94;1.07;0.53;1.07;10.7
660280713;7.77;2.26;4.26;2.26;0.75;14.79
660280801;1.95;2.6;0.43;1.08;0.22;6.07
660280802;0.45;0;0;0.9;0;1.35
660280803;0.82;2.47;0.41;0.41;0;4.12
660280804;7;8.12;0.84;0.28;0.28;14.85
660280805;4.35;9.84;0.69;1.14;0.23;15.33
660280806;0.89;6.51;0;0.3;0.59;7.99
660280807;2.2;6.36;0.49;0.49;0.24;9.54
660280808;0.67;3.37;0;0.34;0.34;4.38
660280809;0.31;1.88;0;0.63;0;2.81
660280810;1.06;3.19;0.35;0;0.35;4.61
660280811;0;0.25;0.51;0;0.51;1.27
660280812;0.34;0.34;0;1.03;0;1.72
660280813;1.44;0;0;0.48;0;1.92
660280814;5.47;4.48;0;0.5;1;10.95
660280901;1.36;3.39;0.45;0.9;0.68;6.33
660280902;3.64;6.95;0.66;0.33;0.33;11.26
660280903;1.2;1.99;0;0.4;0;3.19
660280904;1.6;3.48;0.53;0.53;0;5.88
660280905;0;2.31;0;0;0;2.31
660280906;0.77;4.21;0;0.38;0;4.98
660280907;1.84;0.46;0.46;1.38;0;4.15
660280908;0;0.42;0;0;0;0.42
660280909;0.56;0.28;0;0.56;0.56;1.95
660280910;0;0;0;0.78;0.26;1.04
660280911;0.74;0;0;0.74;0;1.48
660280912;2.26;1.89;0;0.75;0;4.53
660281001;6.15;5.59;0;0.56;1.12;12.85
660281002;1.34;4.46;0;2.23;0;8.04
660281003;4.15;7.47;0.41;1.66;0.83;12.45
660281004;1.99;3.48;0;0.5;0;5.97
660281005;3.23;14.37;0;1.47;1.17;19.35
660281006;2.01;7.16;0;0.57;0.86;10.03
660281007;4.33;12.69;0.31;0.93;0.62;17.03
660281008;3.7;5.86;0;0.62;0.31;9.88
660281009;3.06;7.86;1.75;0;0;12.66
660281010;1.88;4.23;1.41;1.41;0.94;8.92
660281011;2.65;13.26;0.38;0;0;15.91
660281012;3.92;5.23;0.65;0.98;0.65;10.13
660281101;3.23;8.96;0;2.15;1.08;13.62
660281102;2.89;13.36;0;5.42;0.36;19.13
660281103;4.14;5.73;0;4.46;1.27;14.65
660281104;8.62;6.46;2.77;6.15;1.23;20.62
660281105;2.1;9.09;0;1.4;1.75;14.34
660281106;2.67;9.07;0;3.47;0.8;14.13
660281107;2.8;7.2;0;1.6;0.8;12
660281108;5.56;4.37;0.4;4.37;0;11.51
660281109;2.2;11.95;0;2.93;0.24;15.85
660281110;4.03;10.22;0.27;2.69;1.34;16.13
660281111;2.71;5.96;1.08;2.71;0.81;12.2
660281112;4.5;4.73;0.45;2.03;0.23;11.04
660281201;1.38;4.37;0;0.69;0.23;6.21
660281202;0.83;4.13;0;0.55;1.1;6.61
660281203;1.57;3.94;0;0;0.39;5.51
660281204;0.42;3.35;0.42;0.42;0;4.18
660281205;0.81;2.98;0;0.27;0;3.79
660281206;0.37;2.94;0.37;0.37;0.37;4.04
660281207;0;0.9;0;0;0;0.9
660281208;0.37;4.4;0.73;1.1;0.37;5.86
660281209;1.01;1.69;0.34;0;0;2.7
660281210;1.69;2.54;0;0;0.28;4.24
660281211;0.98;1.96;0;0;0;2.94
660281212;0;0.82;0;0;0;0.82
660281213;0;4.21;0.26;0;0;4.47
660281214;0.49;1.47;0;0;0.49;2.45
660281215;0.53;3.72;0;1.06;0;4.79
660281301;0;1.59;0;0.79;0.4;2.78
660281302;1.61;6.02;0;2.41;0;8.84
660281303;0.93;5.61;0;0.47;0;7.01
660281304;0.36;0.36;0;0;0;0.72
660281305;0;0.82;0.27;0;0;1.09
660281306;0.65;0.32;0.97;0;0;1.95
660281307;0.46;2.74;0.46;0;0;3.65
660281308;0.79;3.97;0;0.26;0;5.03
660281309;0;2.82;0;0;0.4;3.23
660281310;0.43;3.45;0.43;1.29;0;5.17
660281311;1.89;7.26;1.26;0.32;0.32;10.09
660281312;2.11;3.31;0.6;3.31;0.3;8.13
660281313;0.63;8.89;0;0;0;9.52
660281314;0.35;3.81;0;0;0;4.15
660281401;2.56;12.82;0;0;0;12.82
660281402;1.64;4.59;3.28;0.66;0;9.51
660281403;1.6;3.2;2.8;0.4;0.4;8.4
660281404;1.66;5.45;0.47;0.71;0;8.06
660281405;0.96;5.77;0;0.48;0;6.73
660281406;1.19;3.16;0;0.79;0.4;5.14
660281407;1.49;1.49;0;0.75;0;3.36
660281408;0;0.49;0;0.49;0;0.99
660281409;2.99;5.65;1;1;0;8.97
660281410;1.78;6.36;0;0.51;0.51;8.65
660281411;2.29;4.58;0;0;0;6.87
660281412;2.14;5;0.71;0.36;0;7.86
660281413;1.55;5.43;0;0;0;6.98
660281414;1.71;3.85;0;0.85;0.43;5.98
660281415;2.42;6.97;0;0;0;8.79
660281416;2.33;6.33;0.67;1.67;0;9.33
660281417;1.54;4.62;0.77;1.92;0.38;9.23
660281501;0;0.43;0;0;0;0.43
660281502;3.72;9.92;0;1.24;0;14.05
660281503;0.82;8.57;0;1.63;1.22;12.24
660281504;4.41;2.45;0;1.47;0.49;8.33
660281505;2.31;4.63;0;0;0.93;6.94
660281506;2.26;2.26;0;0;0.75;5.28
660281507;0.41;4.12;1.23;1.65;0;5.76
660281508;0.85;3.85;0;0.43;0.43;5.56
660281509;0.4;4.82;0;0.4;0;5.62
660281510;0.34;0.34;0.34;0;0;1.02
660281511;0.83;6.2;0;0.41;0.41;7.85
660281512;0.29;5.52;0.29;0.58;0;6.4
660281601;0.93;2.8;0.47;0.47;0;4.67
660281602;2.88;9.88;0;1.23;0.82;13.99
660281603;4.36;3.36;0;1.34;0;7.38
660281604;0.66;11.92;0;0.33;0;12.58
660281605;4.43;2.96;0.49;1.97;0;9.85
660281606;0.53;1.59;0.53;0;0;2.39
660281607;3.43;2.15;0;0.43;0;6.01
660281608;3.06;10.48;0;0;0;13.1
660281609;0;2.15;0;1.61;1.08;4.84
660281610;0.29;0.29;0.29;0.59;0;1.47
660281611;0;1.64;0;0.27;0;1.92
660281612;0;0.26;0;0.26;0.26;0.78
660281701;1.41;0.23;0;0;0.23;1.87
660281702;0;0;0;0.27;0;0.27
660281703;5.06;3.37;4.21;1.69;0;11.8
660281704;0;0.39;0.39;0.39;0;1.17
660281705;2.29;5.16;1.43;3.44;1.15;12.03
660281706;5.84;3.25;1.08;2.16;0.22;12.12
660281707;5.91;6.65;0;2.46;0.74;15.27
660281708;5.96;5.96;0.52;1.3;1.3;13.73
660281709;5.24;3.5;1.4;1.75;1.05;11.19
660281710;7.42;1.17;1.95;2.73;0.78;13.67
660281711;6.39;2.88;2.56;1.6;0.64;12.78
660281712;5.79;2.77;1.01;3.27;1.01;12.85
660281713;7.37;2.9;2.23;1.56;0;12.28
660281714;6.42;2.7;0;2.7;1.01;12.5
660281715;10.55;6.33;0;2.11;0.84;18.99
660281716;6.43;4.29;1.79;1.43;0.71;13.57
660281717;6.54;2.18;2.18;0.82;1.09;11.44
660281801;6.02;3.73;1.04;0.83;0.83;11.62
660281802;7.17;3.77;0;0;0;10.19
660281803;4.33;3.15;1.18;0;0.79;8.27
660281804;0.96;0.32;0.32;0.96;0;2.55
660281805;0.37;1.47;1.47;0.37;0;3.3
660281806;4.49;4.78;1.12;0;1.4;10.96
660281807;4.23;6.19;2.93;0.65;0.65;12.7
660281808;4.94;11.11;0.82;0.41;0.82;17.28
660281809;2.84;2.84;0.47;0;0.47;6.64
660281810;10.53;4.93;0.99;1.32;0;15.13
660281811;1.93;4.82;1.29;0.32;0.64;8.68
660281812;5.5;2.5;1.5;0.5;1.25;10.25
660281813;4.2;2.65;0.44;1.55;0.88;8.85
660281814;3.04;3.04;0;1.35;0.68;7.43
660281815;9.38;3.57;2.46;0.45;1.79;16.96
660281816;8.16;2.48;0.35;1.06;1.06;12.06
660281901;0.85;3.42;0;0;0;3.99
660281902;0.41;2.86;0;0;0;3.27
660281903;1.41;2.35;0;0;0;3.76
660281904;1.84;1.84;0;0;0;3.68
660281905;1.72;3.45;1.38;0.34;0.69;7.59
660281906;3.52;5.15;0.27;0;1.08;9.21
660281907;0.44;0.44;0;0.44;0.44;1.76
660281908;1.75;7.37;0;1.05;0.7;10.88
660281909;2.48;7.12;0.31;0.62;0.62;10.53
660281910;2.36;5.51;1.97;1.97;0.79;11.02
660281911;2.45;4.66;0.25;0.49;1.23;8.58
660281912;2.43;5.9;0.69;0;0;7.99
660281913;3.47;6.25;0;0.35;0;9.72
660281914;3.31;6.06;0.83;0.55;0.83;11.02
660281915;1.36;4.76;0.34;0.68;0.34;7.14
660281916;2.03;6.42;1.01;0.34;0.34;9.46
660282001;1.11;11.14;0;0.67;0.22;12.47
660282002;0.49;2.96;0;0.49;0;3.94
660282003;0.44;1.78;0;0.89;0;3.11
660282004;1;3.98;0;1.49;0;6.47
660282005;0.39;3.13;0;1.17;0;4.69
660282006;1.12;8.99;1.12;0.56;0;11.24
660282007;1.1;4.93;0;0.55;0.27;6.3
660282008;2.04;9.8;0;2.04;0;13.88
660282009;0;7.92;0.5;0;0;7.92
660282010;2.55;14.91;0;1.45;0.36;18.91
660282011;0.41;3.66;0;0.41;0;4.47
660282012;1.39;6.48;0.46;0.93;0.46;9.26
660282101;0.52;1.55;0;0;0.52;2.06
660282102;0.98;2.44;0;0.98;0;3.9
660282103;0.98;1.63;0;0;0;2.61
660282104;0;0.9;1.79;0;0.9;2.69
660282105;0.56;1.13;0;1.13;0.56;2.82
660282106;0;2.33;0;1.17;0;3.5
660282107;1.12;0.37;0;0;0;1.12
660282108;0;5.88;0.49;0;0;6.37
660282109;2.18;2.18;0;1.31;0;5.68
660282110;0.92;14.29;0.46;0.46;0;14.75
660282201;1.38;11.42;0;1.04;0;13.15
660282202;0.35;3.18;0;0.35;0;3.89
660282203;0.22;3.06;0.22;0.66;0;3.94
660282204;2.85;9.91;0.21;0.95;0.21;13.38
660282205;0.85;11.65;0;0.85;0.28;13.07
660282206;0;8.26;0;0;0.41;8.68
660282207;2.42;13.94;0;0.61;1.21;17.58
660282208;1;3.68;0;1.34;0;5.69
660282209;1.58;1.98;0;1.19;0.4;4.35
660282301;1.66;6.08;1.66;0;0;8.84
660282302;0;7.57;0.4;0;0;7.97
660282303;0.44;1.75;0;0.44;0;2.62
660282304;0;1.15;1.72;0;0;2.87
660282305;0;0.72;0;0.24;0;0.97
660282306;0.31;0.31;0;0.31;0;0.93
660282307;0;0.97;0;0;0;0.97
660282308;0;0.36;0;0.72;0;1.08
660282309;0;0.78;0;0;0;0.78
660282310;1.68;1.68;0.56;0;0.56;3.91
660282311;0.33;0.65;0.33;0.65;0;1.95
660282312;0.42;0.42;0;0;0;0.84
660282401;0.41;2.07;0;0;0;2.07
660282402;0;1.17;0;0.39;0;1.56
660282403;0;4.66;0;0.52;1.04;6.22
660282404;0.82;1.22;0;0.41;0;2.04
660282405;0.69;1.04;0;0;0.35;2.08
660282406;1.2;5.99;0;0;0;5.99
660282407;0;1.3;0;0;0;1.3
660282408;0.57;9.77;0;0;0;9.77
660282409;1.18;3.55;0;0.59;0;4.73
660282410;0;3.62;0;0.72;0;4.35
660282411;2.21;2.94;1.47;0;0;5.15
660282412;0.39;3.09;1.16;0;0;4.25
660282501;1.83;8.72;0;4.13;0.46;13.76
660282502;0.71;5.67;0;1.42;0.71;7.8
660282503;0.42;6.78;0;0;0.42;6.78
660282504;0;5.11;0;0;0;5.11
660282505;0.52;5.15;0;1.55;0;7.22
660282506;1.1;6.96;0;1.1;0.73;9.89
660282507;0.54;3.23;0;0.54;0;4.3
660282508;1.82;13.64;1.82;1.82;0.45;16.36
660282509;0;2.07;0;0.69;0;2.76
660282510;0.56;5.65;0;1.69;1.13;9.04
660282511;0.74;0.74;0;1.48;0.74;3.7
660282512;0.9;3.17;2.26;0.9;0;7.24
660282513;1.07;4.28;0;0;0;4.81
660282514;0;2.87;0;1.15;0.57;4.6
660282515;0.4;4.78;0;1.99;0;6.77
660282516;0.45;5.8;0;0;0.89;6.7
660282601;0.29;0.58;0;0.88;0;1.75
660282602;0;2.7;1.69;0.68;0.34;5.07
660282603;2.1;0.42;3.36;0.84;0;5.04
660282604;0;0.71;0;0.71;0.36;1.78
660282605;0;2.76;0;0;0.55;3.31
660282606;2.03;5.69;6.5;1.22;0.81;12.2
660282607;0.49;0;0;1.46;0.98;2.93
660282608;0.49;0.49;0;0;0;0.98
660282609;0;2.44;1.46;0.98;0;4.88
660282610;2.49;3.91;0;1.07;0.36;6.76
660282611;0;4.39;0;0.88;0;5.26
660282612;2.29;4.96;0;0.76;0;6.87
660282701;10.13;17.3;8.86;0;0.42;29.96
660282702;2.58;4.52;0.65;0.97;0.32;8.71
660282703;2.84;6.46;2.33;0.52;0.78;10.59
660282704;3.85;8.74;0.35;1.4;0.7;14.34
660282705;2.9;8.06;0.97;0.65;0.32;12.58
660282706;1.92;7.12;0.55;0.27;0.27;9.86
660282707;2.79;2.79;1.11;1.39;0.56;7.8
660282801;5.14;8.74;1.29;0.51;1.54;15.42
660282802;6.26;4.54;0.43;0;0;10.15
660282803;5.52;3.25;0.32;0;0;8.44
660282804;1.09;2.55;1.09;1.46;0.36;6.2
660282805;1.93;4.7;0.55;0;0.55;7.18
660282806;3.65;2.28;0;0.91;0;6.85
660282807;1.88;2.14;0.54;0.27;0.27;4.29
660282808;10;5.68;1.08;0.81;0.54;16.49
660282809;5.01;5.76;1.25;1;1.25;12.53
660282810;9.01;4.65;4.07;0.29;1.16;16.57
660282811;9.05;3.7;2.06;0.41;0.82;14.81
660282812;5.03;2.38;0;0;0.26;7.41
660282813;7.81;6.05;3.02;0.5;2.27;16.12
660282814;7.5;6.75;2.25;2;1.5;16.75
660282815;3.4;9.57;0.31;0.62;0.62;13.58
660282816;1.52;7.22;3.8;0.38;0.38;12.93
660282817;2.69;4.71;1.35;0;0.67;9.09
660282901;0.51;2.56;0.51;0.51;0;4.1
660282902;1.69;3.38;5.06;0.84;0.42;9.7
660282903;1.64;9.51;0;0;0.33;10.82
660282904;1.76;5.29;1.76;0.88;0.88;10.13
660282905;2.13;6.38;0;1.06;0.53;10.11
660282906;2.24;17.09;2.8;2.52;0.28;22.97
660282907;2.55;10.95;2.55;1.46;0;16.42
660282908;2.3;8.22;0;1.64;0;10.2
660282909;3.54;11.58;0.96;2.57;0.32;17.36
660282910;3.41;1.89;2.27;0.76;0.38;8.33
660283001;3;3.9;0;1.2;0.6;8.41
660283002;1.97;12.11;0.56;1.69;0;15.49
660283003;3.12;15.32;0.26;0.78;0;17.92
660283004;1.22;3.05;0;0;0.3;4.27
660283005;1.79;5.87;0;1.02;0.51;8.93
660283006;4.63;10.98;4.63;0.73;0.49;20.24
660283007;2.83;10.53;0.4;0.81;0;14.57
660283008;1.17;10.26;0.29;0;0.88;12.61
660283009;5.44;18.91;0;0.24;0.24;21.99
660283010;4.78;4.78;0;2.87;0.32;12.1
660283101;1.92;9.94;3.85;0.64;0;10.9
660283102;0.61;10.43;0.61;0.31;0;11.66
660283103;2.65;11.95;0;1.33;0.44;15.04
660283104;0.34;13.99;0;0;0.34;14.33
660283105;2.87;9.55;0.64;1.27;0.64;14.01
660283106;0.87;6.09;0;1.74;0;8.7
660283107;2.07;8.47;0.41;1.86;0.21;12.4
660283108;1.99;3.23;0;0.5;0;5.71
660283109;2.43;8.11;0.54;0.54;0;10.81
660283110;1.38;5.5;0.92;0.46;0.92;8.26
660283111;3.11;7.56;0.89;0.89;0;11.56
660283112;3.43;10.53;0;1.83;0;14.65
660283113;4.53;2.72;0;1.51;0.6;8.16
660283114;6.59;4.76;3.66;1.47;1.1;15.02
660283115;5.38;4.23;0.38;2.69;0;11.54
660283116;2.88;4.79;0;0.32;0;7.67
660283117;5.66;10.24;2.7;0.81;0.27;15.09
660283201;1.27;7.11;0;0.51;0.25;9.14
660283202;3.57;15.31;0;0.51;1.02;18.88
660283203;1.69;13.98;0;1.69;0;17.37
660283204;4.79;7.98;0.53;0.53;0.53;11.17
660283205;3.97;6.5;0;1.44;0;10.83
660283206;2.07;4.14;0.34;0;0.34;6.21
660283207;3.98;6.64;0;0.44;0;9.73
660283208;2.94;1.68;0.84;0.42;0.42;5.88
660283209;1.1;4.95;1.1;0.55;0.55;8.24
660283210;2.12;1.59;0.53;0;0;3.7
660283211;0.44;4;0;0;0;4.44
660283212;1.44;5.04;0;0;0;6.47
660283301;6.98;4.65;2.33;0.78;0;13.18
660283302;3.88;11.64;1.29;2.59;0;17.24
660283303;3.33;5.67;0;0.67;0;9.67
660283304;6.19;2.06;2.06;1.72;0.34;10.65
660283305;1.44;6.5;0.36;1.08;0.36;8.66
660283306;3.47;9.54;0;1.73;1.16;14.74
660283307;3.02;11.4;0;0;0.47;13.72
660283308;4.9;8.51;7.73;1.55;0.52;19.33
660283309;1.48;4.44;0;1.48;0.37;7.41
660283310;3.94;5.91;0;1.97;0.99;12.81
660283311;1.69;2.54;0;0.42;0;4.24
660283312;2.96;2.46;0.99;0.49;0.49;7.39
660283313;0.83;1.94;0;0.83;0.28;3.88
660283314;4.2;6.16;2.52;1.4;0.56;10.64
660283315;6.67;5.22;1.74;2.32;0.87;13.91
660283401;7.01;1.11;0.74;0;1.85;9.96
660283402;4.78;4.78;0.64;1.91;0.64;10.51
660283403;4.27;1.71;0;0.43;0.43;6.84
660283404;0.74;0.37;0;0.37;0;1.48
660283405;3.29;1.8;0;0.3;0.3;5.39
660283406;4.32;5.48;2.59;0;0;10.37
660283407;1.64;1.37;0;0.27;0;3.28
660283408;1.6;3.21;0.64;0;0.32;5.45
660283409;3.97;11.11;1.32;0.53;1.32;15.87
660283410;2.59;2.27;0.97;1.29;1.62;7.12
660283411;11.18;13.1;4.79;0.32;0.32;23.64
660283501;5.45;12.73;3.64;2.27;0;21.36
660283502;1.39;4.17;0;1.85;0.46;7.87
660283503;0.42;3.77;0.84;2.51;0;6.69
660283504;1.04;1.56;0;1.04;0;3.65
660283505;0;3.23;1.08;1.08;1.08;6.45
660283506;0;1.34;0;1.01;1.01;3.36
660283507;0.86;6.87;0.86;2.15;0;9.87
660283508;0;2.56;0;1.03;0;3.59
660283509;1.5;1.5;4.5;1.5;0.5;8
660283510;0.43;1.74;0;2.61;0;4.78
660283511;2.93;2.93;1.1;2.56;0.37;9.16
660283512;3.09;6.19;4.12;0;1.03;9.28
660283513;1.31;1.64;0;1.64;0.33;4.59
660283514;3.24;19.43;0;1.62;1.21;22.27
660283515;1.45;3.78;0;0.29;0.29;5.52
660283516;1.16;3.88;1.94;0.78;0;7.36
660283517;3.06;5.24;1.75;0.44;0;10.04
660283601;2.11;4.74;0;0.53;0;7.11
660283602;2.04;0.29;0;0.29;0.58;3.21
660283603;1.29;8.36;0;0.32;0.32;9.32
660283604;1.66;8.56;1.38;0.28;0.55;11.33
660283605;0;2.13;1.28;0.43;0;3.4
660283606;0;0;0;0;0;0
660283607;2.56;9.89;1.1;0;0;12.82
660283608;2.36;7.09;1.18;0.79;0.39;11.02
660283609;4.19;10.89;0.84;1.4;0.56;16.48
660283610;3.97;7.94;0.5;2.48;0.5;14.39
660283611;6.8;13.6;1.98;1.42;0.85;22.1
660283701;2.66;5.65;1;0;1;8.97
660283702;11.42;4.32;0.62;0;1.23;16.67
660283703;3.22;5.36;0.8;0.27;0.8;9.65
660283704;3.02;7.56;0;0.5;1.01;11.59
660283705;4.15;4.45;0.59;0.59;1.78;10.68
660283706;4.25;0.98;0;0;0.33;5.56
660283707;5.78;10.2;1.02;0.68;0.34;17.01
660283708;4.25;2.29;1.63;1.31;1.63;8.82
660283709;5.03;12.17;0;0.26;0.53;16.14
660283710;1.69;3.73;0;0;0.68;6.1
660283711;4.26;2.13;0.53;0.53;0.8;7.98
660283712;2.99;2.99;0.82;0.82;0.54;7.61
660283713;4.63;2.12;1.54;0.58;0.58;8.49
660283714;2.71;3.92;0.6;0;0.9;8.13
660283715;11.2;8.25;3.34;0;1.38;21.81
660283801;7.27;1.82;1.41;1.62;0.81;11.11
660283802;3.77;0.75;0.5;1.01;1.76;7.04
660283803;2.38;0.95;0.48;0.95;1.19;5.7
660283804;4.77;3.82;0.48;1.91;0.95;11.22
660283805;8.16;2.11;0.53;0.53;1.05;11.32
660283806;3.24;1.08;0.22;0.65;0.65;4.97
660283807;7.14;0.4;2.38;2.38;2.78;13.89
660283808;10.47;0.78;3.88;0.39;0.78;14.34
660283809;2.28;7.12;1.71;0;0;9.12
660283810;4.41;3.24;0.59;1.18;0.29;9.12
660283811;3.68;1.73;1.08;0.87;0.22;7.58
660283901;3.2;3.91;1.07;0.71;0.71;8.54
660283902;7.23;11.27;0.58;0.87;1.45;19.36
660283903;9.25;7.53;2.15;1.72;2.15;20.22
660283904;8.3;4.26;0.22;1.79;1.12;13.9
660283905;4.42;3.06;3.06;1.36;0;10.2
660283906;8.15;2.15;1.29;0;0.86;11.59
660283907;5.77;6.01;0.72;2.4;1.68;14.18
660283908;4.39;8.78;1.22;2.93;0.73;16.34
660283909;7.52;5.56;1.96;1.31;0.33;14.71
660283910;12.32;4.27;8.53;0.95;0.95;22.75
660284001;6.26;2.24;0;0.67;0.67;9.17
660284002;1.23;2.76;0;0;1.23;5.21
660284003;2.02;3.31;0.18;2.39;0.92;7.9
660284004;5.58;2.01;0.67;0.89;1.56;9.15
660284005;6.22;3.24;0;1.08;0;9.73
660284006;7.24;4.18;1.39;1.95;0.84;13.65
660284007;6.02;0.79;0.26;1.31;0.79;9.16
660284008;6.07;4.86;1.21;0.4;0.4;11.74
660284009;4.8;6.55;0;1.31;1.75;12.66
660284101;5.99;7.87;0.37;2.62;0.37;15.36
660284102;4.44;1.78;0.89;0;0.89;8
660284103;2.45;1.63;0.27;0.54;0.82;5.45
660284104;4.06;1.11;0;1.11;0.37;5.9
660284105;2.91;0.97;0.49;0.49;0;4.37
660284106;5.99;1.3;1.3;1.3;0.26;9.11
660284107;7.14;6.86;0.86;0.57;2.57;16.29
660284108;6.18;4.49;0.84;0.84;1.12;12.64
660284109;7.35;0.32;0;0.96;0.64;8.95
660284110;10.95;6.19;0.95;2.38;0.48;19.05
660284111;7.07;2.69;0.67;0.67;0.34;10.77
660284112;4.27;5.13;0;3.42;1.71;14.53
660284113;6.73;3.37;0;0.34;0.34;10.1
660284114;3.03;0;0.34;1.01;1.01;5.05
660284115;11.15;0.66;1.64;0.66;0.66;14.1
660284116;10.94;4.3;0.39;0.39;0.78;16.8
660284201;7.46;4.18;1.19;0.6;0.3;11.94
660284202;8.45;5.41;0.68;4.05;0.68;17.57
660284203;3.64;2.18;0.73;0.24;0;6.55
660284204;2.44;7.33;0;0.73;0.49;10.02
660284205;3.83;17.02;1.7;0.85;0;20
660284206;3.98;4.87;0.44;0.88;0.88;8.85
660284207;3.97;9.92;1.19;0.79;0.4;15.48
660284208;2.81;7.63;0;1.61;0.4;11.65
660284209;5.04;6.47;0.48;0.96;0.96;12.71
660284210;8.02;7.74;1.43;0.86;1.15;17.19
660284211;3.43;9.61;2.97;0.92;0.69;16.7
660284212;6.63;0.83;0.83;1.38;0.83;9.39
660284213;9.54;5.54;1.23;1.23;0.92;16
660284214;7.55;1.51;0;2.72;0.3;11.78
660284215;3.7;6.06;0;1.35;0.34;11.11
660284216;6.72;2.94;0;0.84;0;9.66
660284217;5.43;2.17;1.36;1.36;0.27;9.24
660284301;0;0;0;0.39;0;0.39
660284302;0;0;0;0;0;0
660284303;1.34;1.34;0;0;0;2.68
660284304;1.88;1.41;0;0.94;0.47;4.23
660284305;3.28;6.2;0;1.46;0.73;10.95
660284306;0.56;0.85;0.85;0.28;0.28;2.82
660284307;0.83;1.65;0;0;0;2.48
660284308;1.31;8.52;0;0;0.98;9.84
660284309;3.28;5.47;1.09;0.36;0.73;10.95
660284310;1.35;0.45;0;0;0.45;2.25
660284311;1.64;4.92;0.41;0.41;0.41;6.56
660284312;0.55;1.1;0;0.55;0;2.2
660284313;0;0.48;0.97;0;0;1.45
660284314;0;0;0;0.68;0;0.68
660284315;21.17;17.88;1.46;0.73;1.09;35.4
660284316;13.18;11.24;1.16;0.39;0.39;23.26
660284401;2.15;0.81;0;0;0.27;2.96
660284402;4.85;4.85;1.76;0.44;0.44;9.69
660284403;3.18;7.77;0;4.24;1.41;13.43
660284404;1.39;4.88;1.39;0;0.7;8.01
660284405;1.35;5.41;0.45;0;0;6.76
660284406;2.84;8.51;0;1.42;0;11.7
660284407;2.03;3.19;1.74;0.58;0.58;7.25
660284408;1.45;3.13;0;0.72;0;4.82
660284409;0.74;1.85;0.37;0.74;0;3.69
660284410;0.55;1.65;0;0.28;0;2.48
660284411;0;0;0;0.79;0;0.79
660284412;1;3.33;0.33;0.67;0.67;6
660284413;4.2;6.91;0.6;0.6;0.3;12.01
660284414;1.36;0.68;0.91;1.59;0;4.31
660284415;1.14;0.68;0;0.68;0.23;2.73
660284416;1.63;0.47;1.86;0.93;0.23;3.96
660284501;0.35;1.4;2.81;0;0;4.21
660284502;0.77;0.77;0;0.77;0.38;2.68
660284503;0.72;5.05;0.36;0.36;0.36;6.14
660284504;0.83;1.39;0;0.28;0.28;2.77
660284505;0;1.18;0;1.57;0;2.76
660284506;1.86;9.04;1.06;0.8;0.8;11.7
660284507;3.11;1.04;1.04;2.69;0;7.45
660284508;2.15;1.34;1.34;0.54;0.54;5.11
660284509;1.17;1.86;0.23;1.86;0.23;4.9
660284510;0.85;1.28;0.85;1.28;0;3.42
660284511;1.18;4.71;0;0.78;0;6.67
660284512;0;1.59;0;2.86;0.32;4.76
660284513;0;0.31;0.31;0;0;0.63
660284514;0;2.08;0;0.89;0;2.98
660284515;0.53;0.27;0;0.27;0;1.06
660284516;3.64;8.91;0;0.81;0;12.15
660284601;0.47;0.47;0;0;0.47;1.4
660284602;0.78;0.78;0;0;0;1.55
660284603;0.4;4.38;0;0.8;0.4;5.98
660284604;0.35;2.1;0;0;0;2.1
660284605;2.17;2.17;1.74;0.22;0;3.7
660284606;0.72;1.45;0.97;0;0.48;3.14
660284607;0.51;2.28;0.25;1.27;0;4.31
660284608;1.6;3.01;0.2;0.8;0.6;5.81
660284609;1.91;7.01;0;1.49;0.21;9.34
660284610;0.31;1.56;0;0.93;0.31;3.12
660284701;0.85;3.68;0.57;0.85;0.28;5.67
660284702;1.68;4.76;1.12;0;0.28;7
660284703;0.65;0.65;0;0.32;0.65;2.26
660284704;0.62;2.16;0;0.31;0;2.47
660284705;1.23;4.51;0;0.82;0;6.56
660284706;0.88;9.65;0;2.19;0;11.4
660284707;0.94;3.75;0.94;0.63;0;6.25
660284708;3.39;0.52;1.04;0.52;0.26;5.21
660284709;0.85;0.85;0.85;0;0.43;2.56
660284710;0.79;0;2.36;0.39;0;2.76
660284801;1.81;7.25;1.09;0;0;9.78
660284802;2.8;5.61;1.4;0;0;7.94
660284803;3.29;2.88;0.82;0.41;0;7
660284804;0.91;1.82;0.91;3.64;0;6.36
660284805;0;2.16;1.23;0.62;0.62;4.63
660284806;0.32;1.61;0;0.32;0;2.26
660284807;0.7;0.35;0;0.35;0.35;1.76
660284808;0.34;0.68;0;0.34;0;1.37
660284809;0.4;0;0.4;0.4;0;1.19
660284810;0;1.07;0;1.07;0;2.14
660284811;0.33;5.23;0;1.96;0.33;7.52
660284812;0;0;0;2.4;0;2.4
660284813;0;0;0;0.74;0.37;1.1
660284814;0;1.22;0;0.91;0;2.13
660284901;0;0;0;0;0;0
660284902;2.63;2.63;1.32;0;0;5.26
660284903;9.46;7.24;3.71;0.37;0.19;19.11
660284904;1.49;2.99;1;0.5;0;5.47
660284905;2.22;7.78;3.33;1.11;0;14.44
660284906;5.86;15.23;1.17;1.17;0.39;22.66
660284907;2.07;3.36;1.03;1.29;0.52;8.01
660284908;3.73;4.97;0.62;1.86;0;11.18
660284909;16.34;3.88;2.49;0;0.55;21.61
660284910;13.66;7.56;2.91;1.45;0.58;22.97
660284911;8.92;4.82;0;1.2;0;13.49
660284912;11.08;7.78;3.07;0.47;0.94;19.81
660284913;16.02;4.33;3.03;0;0;20.35
660284914;12.92;2.5;0.83;1.25;0;15.83
660284915;3.32;6.27;0;1.11;1.11;10.33
660284916;10.68;7.63;3.05;0.87;1.31;21.79
660284917;6.25;3.82;0.69;0.35;0.69;11.46
660284918;2.63;8.27;0;1.13;0.75;12.41
660285001;0;0.51;0.51;1.54;0;2.05
660285002;1.67;4.33;2.67;1.67;0;9.33
660285003;0.8;1.6;0;0;0;1.6
660285004;6.83;5.22;0;1.2;0.8;12.45
660285005;5.33;5.33;2.67;2;0.67;14.33
660285006;3.82;5.62;1.57;1.35;0;10.34
660285007;0.74;2.97;0;0;0.37;4.09
660285008;0.78;3.11;0;0.39;0;3.89
660285009;1.33;4.77;1.33;1.06;0;8.22
660285010;1.03;1.37;0;1.03;0;3.08
660350101;10.53;16.67;3.51;0.88;0.88;26.32
660350102;6.55;10.12;2.38;1.19;0;19.05
660350103;5.3;5.3;1.77;0.35;1.41;12.37
660350104;5.26;15.79;10.53;0;0;26.32
660350105;1.33;3.56;0.89;0;0;4.89
660350106;0.48;0.48;0;0.48;0;1.44
660350107;7.21;1.8;0.9;2.7;0;12.61
660350201;9.88;9.88;3.7;2.47;3.7;24.69
660350202;7.98;3.99;4.84;0.85;1.42;17.09
660350203;6.58;12.28;3.95;0.44;1.32;21.05
660350204;0;0;0;0;0;0
660350205;6.45;9.68;1.61;0;0;17.74
660350206;4.36;4.36;2.91;2.18;1.45;11.64
660350207;7.89;3.95;11.84;0;3.95;21.05
660350208;7.29;4.37;0.87;1.17;0.58;13.41
660350209;14.1;3.08;0.77;1.54;0.51;18.46
660350210;7.58;8.18;1.82;2.42;0.91;19.39
660350211;6.59;5.43;1.94;0.78;1.16;14.73
660350212;4.17;7.5;0.42;0.83;0.83;11.25
660350213;5.75;14.5;0.5;0.25;0.75;19.25
660350214;5.08;4.41;1.02;0.68;1.02;9.49
660350215;5.23;8.08;1.19;0.48;0.95;14.25
660350301;5.47;14.6;2.55;1.09;0.73;22.99
660350302;1.04;10.42;3.13;0;0;12.5
660350303;1.9;12.38;1.9;0.95;3.81;19.05
660350304;2.72;10.87;3.8;1.09;0.54;17.39
660350305;6.88;7.25;1.09;0;0;14.86
660350306;24.06;23.81;6.02;0.5;0.25;46.12
660350307;16.93;8.91;4.23;0.67;0.89;27.62
660350308;24.01;19.21;5.08;1.69;0.56;43.22
660350309;4.13;4.55;0.83;0.83;1.24;9.92
660350310;3.14;0.52;0.26;0.79;0.26;4.97
660350311;1.33;0.53;0;0;0;1.86
660350312;8.96;12.44;2.99;1;0;21.89
660350313;9.39;7.98;8.45;1.88;1.41;22.07
660350314;3.47;10.4;0.5;0;0.5;12.87
660350315;5.29;8.99;0;3.7;1.06;17.99
660350316;3.13;12.5;0;0;0;15.63
660350317;2.17;2.17;0;0;2.17;6.52
660350401;7.89;16.37;2.05;0.88;1.46;23.68
660350402;9.9;2.31;0.99;0.33;0.66;13.2
660350403;8.61;4.92;0;0.41;0.41;13.11
660350404;1.2;2.41;1.2;0;0;3.61
660350405;1.12;0;0;0;0;1.12
660350406;2.61;5.23;0.65;0.65;0;8.5
660350407;2.04;4.08;0;0.41;0.82;6.53
660350408;14.73;4.53;0.85;1.7;1.13;20.11
660350409;6.17;4.12;0;1.23;1.65;11.93
660350501;3.29;7.85;0.25;0.25;0.76;11.39
660350502;3.19;6.37;1.2;1.59;0.4;11.16
660350503;1.8;5.71;0.6;2.1;0.6;10.51
660350504;4.93;6.9;1.23;0.74;0.25;12.32
660350505;2.34;5.62;0;0.7;0.47;8.43
660350506;4.39;5.99;2;0.8;0.8;12.57
660350507;8.51;9.57;2.13;1.06;0.53;19.15
660350508;9.25;7.19;2.05;2.05;0;18.84
660350509;5.39;5.39;0;1.68;0.67;12.12
660350510;3.65;10.22;4.14;0.49;0.97;13.87
660350511;3.34;6.43;0.26;0.77;0.51;11.05
660350512;3.68;1.05;1.05;0.53;0.53;6.84
660420101;1.9;7.62;39.05;1.9;0.95;44.76
660420102;2.96;2.22;19.26;0;0.74;23.7
660420103;4.9;1.96;6.86;0.98;0.98;14.71
660420104;4.26;6.38;4.26;3.19;1.06;14.89
660420105;9.6;8.47;5.08;1.69;0.56;24.29
660420106;2.92;3.33;1.67;0.83;0.83;8.75
660420107;2;8;2;0;0;10
660420108;5.42;6.1;5.76;0.68;0.68;15.93
660420109;7.07;9.24;0.27;1.63;1.36;15.76
660420110;7.01;2.58;2.21;2.21;1.11;12.55
660420111;5.63;4.38;3.44;0.31;1.25;13.75
660420112;9.22;1.38;1.84;1.38;0.46;13.82
660420113;8.3;3.56;1.58;0.4;1.19;14.62
660420114;7.53;22.18;2.93;2.09;1.67;31.38
660420201;4.76;6.35;3.17;4.76;4.76;20.63
660420202;4.8;3.2;0;0.8;0;8.8
660420203;6.21;5.52;4.83;1.03;2.76;18.28
660420204;0;0;37.5;0;0;37.5
660420301;2.9;5.48;0.65;0;0.32;9.03
660420302;7.81;9.38;0;0;1.04;16.67
660420303;6.57;14.53;1.73;1.38;2.42;23.53
660420304;2.76;7.73;0;1.1;0;11.05
660420305;1.84;8.76;2.76;0.46;0;11.52
660420306;2.92;15.83;0.83;0;0;18.75
660420307;5.68;10.92;0.87;0.87;0.87;16.59
660420308;4.84;7.14;0.92;0.92;0.23;12.9
660420309;3.24;8.8;0.46;0;0.46;12.5
660420310;1.33;0.89;4.44;0;1.33;7.56
660420311;5.75;7.76;0;1.15;1.15;14.66
660420312;2.46;10.15;1.54;0;0.62;13.54
660420313;7.96;13.84;3.81;0.35;0.35;22.84
660490101;0;6.25;0;0;0;6.25
660490102;2.38;1.19;10.71;3.57;1.19;15.48
660490103;6.57;17.17;3.54;3.03;2.53;26.77
660490104;5.49;5.86;0.37;1.1;2.56;13.92
660490105;5.7;3.8;2.66;1.9;1.9;13.69
660490106;6.15;9.02;0.41;1.64;1.64;16.39
660490107;6.52;2.9;1.45;1.81;2.9;14.13
660490108;5.21;8.93;2.98;0.99;1.74;18.61
660490109;4.4;10.44;0;1.65;1.1;13.74
660490110;6.01;6.01;2.15;3.86;0.43;15.88
660490201;14.06;4.69;37.5;0;3.13;50
660490202;3.33;3.33;16.67;0;0;20
660490203;0;33.33;0;0;0;33.33
660490204;1.67;10;10;1.67;0;21.67
660490205;12.81;8.68;8.68;0.83;1.24;26.86
660490206;5;5;15;10;0;30
660490207;0;0;0;16.67;0;16.67
660490208;0;8.33;13.89;0;0;22.22
660490209;0;5;10;0;0;10
660490210;0;0;0;0;0;0
660490211;2.48;0;4.46;0;0;6.44
660490212;5.58;1.49;2.97;1.12;1.49;10.78
660490301;6.2;9.3;2.33;3.1;2.33;20.93
660490302;1.49;20.4;2.99;0.5;0.5;25.87
660490303;13.04;10.14;1.45;2.9;1.45;23.19
660490304;5.26;1.05;3.16;5.26;1.05;14.74
660490305;3.49;3.49;0;1.07;1.88;9.12
660490306;3.96;2.52;0.36;0.36;1.44;8.63
660490307;3.5;5.06;0;0.39;1.17;7.78
660490308;1.89;4.55;0;0.38;0.38;6.44
660490309;5.05;6.94;0.63;2.21;0.95;13.56
660490310;1.56;0;0.39;1.56;0.39;3.91
660490311;9.5;3.35;3.35;1.12;1.68;16.76
660490312;3.06;4.08;8.16;1.02;0;15.31
660490401;7.26;3.23;6.05;1.21;0.81;13.71
660490402;8.9;2.62;2.09;1.05;1.05;13.09
660490403;10;3;2;2;1.5;15
660490404;6.25;1.25;1.25;2.08;0.83;10.83
660490405;4.15;0;1.55;5.7;1.55;10.36
660490406;6.27;4.7;0;0.78;1.31;11.75
660490407;2.3;4.61;0.23;2.76;0.69;9.68
660490408;1.6;1.6;0;1.07;1.07;4.81
660490409;4.1;7.65;0.27;1.37;2.73;14.21
660490410;7.14;5.52;0.65;7.14;4.22;22.08
660490411;2.25;0.9;0.9;0.9;1.8;6.76
660490412;3.85;5.13;0;3.21;1.28;12.82
660490413;2.28;1.63;0;0.65;0.98;4.89
660490501;5.84;3.09;0;0.69;0;9.28
660490502;4.49;2.56;2.56;3.53;1.28;11.86
660490503;6.07;9.27;1.28;3.51;0.96;16.61
660490504;3.02;4.15;1.89;1.51;0;8.68
660490505;5.36;4.29;0.8;1.61;0.27;10.72
660490506;0.6;5.42;0.6;0.6;0.6;6.63
660490507;1.14;0;0;0;0;1.14
660490508;0.72;4.3;1.79;0.72;0.36;6.81
660490509;2.27;4.85;0.32;0;0.32;6.8
660490510;3.18;9.55;1.27;5.1;0;17.2
660490511;3.23;1.84;0;2.3;0.92;7.83
660490512;3.83;5.75;0.38;0.77;0.77;9.58
660490513;3.45;1.72;1.72;0.86;0.86;6.9
660490514;5.58;1.59;1.99;0.4;0;9.16
660490515;0.75;5.99;0.37;1.12;0.75;8.61
660490601;8.47;5.65;5.08;0.56;0.56;16.38
660490602;2.45;2.94;0;1.47;0;6.86
660490603;0.81;2.42;0;0.4;0;3.63
660490604;3.1;0;0;0.78;1.16;5.04
660490605;3.66;0.52;1.31;1.31;1.57;6.54
660490606;12.45;1.17;1.56;1.56;1.56;17.12
660490607;18.33;3.59;13.55;4.78;0.8;35.86
660490608;5.2;0;0;6.4;1.2;12
660490609;3.03;0.87;0;0.87;0.87;5.63
660490610;3.4;1.28;0.43;0.43;1.7;6.38
660560101;7.5;0;12.5;2.5;0;22.5
660560102;8.18;3.53;6.21;3.67;1.83;20.59
660560103;12;0.67;3.33;2;2.67;17.33
660560104;13.04;4.35;17.39;4.35;0;34.78
660560201;15.79;0;10.53;0;2.63;26.32
660560202;1.46;18.98;7.3;2.92;1.46;29.93
660560203;10.16;10.98;9.35;4.07;2.44;28.86
660560204;13.78;3.57;11.22;8.16;2.55;30.1
660560205;10.32;9.52;3.17;0.79;2.38;25.4
660560206;1.82;36.36;5.45;0;0;43.64
660560207;7.14;2.38;9.52;0;0;16.67
660560208;16.08;10.05;14.57;4.02;3.02;37.69
660560209;9.71;9.22;13.11;7.28;2.43;32.04
660560210;10.43;4.78;21.3;0.87;1.74;33.91
660560301;10.09;8.26;3.36;0.61;2.45;23.55
660560302;14.95;4.89;12.77;2.17;3.53;31.79
660560303;9.89;8.79;10.99;4.4;4.4;31.87
660560304;20.98;12.93;4.88;3.9;4.15;37.8
660560305;18.08;7.34;1.69;1.69;2.82;28.81
660560306;25.93;8.33;1.39;3.24;4.17;37.96
660560307;17.62;0;7.05;5.29;5.29;29.07
660560308;26.83;26.34;5.85;7.8;11.22;58.05
660560309;27.5;1.67;6.67;6.67;5.83;37.5
660560310;20.43;19.71;7.53;1.79;3.58;40.14
660560311;25.6;24.64;3.86;2.9;10.14;56.04
660560312;10.63;11.88;0.63;0.63;2.5;23.13
660560313;10.88;3.4;1.36;0.68;2.04;16.33
660560314;6.06;9.09;5.05;1.01;1.01;19.19
660560401;10.67;0;1.33;2.67;4;16
660560402;10.67;0;0;0;0;10.67
660560403;19.8;5.94;17.82;3.96;6.93;42.57
660560404;30;2;12;6;16;44
660560405;7.52;34.59;4.51;2.26;3.01;45.86
660560406;0;4.35;0;0;0;4.35
660560407;0;11.54;0;0;3.85;15.38
660560408;0;0;0;0;0;0
660560409;10.53;2.87;9.09;3.35;2.87;24.88
660560410;4.42;0.95;1.89;3.79;3.15;12.93
660560411;7.34;4.52;2.82;0.56;0.56;14.69
660560412;0;5.88;0;0;2.94;8.82
660560413;0;0;0;0;0;0
660560414;30.77;0;15.38;0;0;38.46
660560415;3.8;17.72;2.53;0;2.53;24.05
660560501;16.67;16.67;0;16.67;0;33.33
660560502;12.5;0;37.5;3.13;0;43.75
660560503;20.12;7.69;52.66;11.24;4.14;59.76
660560504;17.71;8.68;5.21;2.78;7.99;32.99
660560505;14.38;13.38;9.7;4.35;4.01;31.44
660560601;25;12.5;12.5;0;0;50
660560602;2.5;27.5;5;0;0;30
660560603;20.93;34.88;11.63;0;6.98;53.49
660560604;2.22;8.89;2.22;0.74;1.48;13.33
660560605;15.5;15.76;3.88;1.81;4.65;35.92
660560606;17.98;24.61;13.25;1.89;2.84;49.21
660560607;4.49;0;6.74;2.25;2.25;14.61
660560608;16.33;7.76;3.67;5.71;4.49;30.2
660560701;13.51;1.35;24.32;1.35;2.7;31.08
660560702;23.53;0;33.82;0;5.88;42.65
660560703;20.89;17.09;18.35;5.7;2.53;49.37
660560704;22.22;2.78;44.44;2.78;11.11;58.33
660560705;2.54;5.93;0.85;0.85;0;10.17
660560706;34.78;18.48;53.26;5.98;9.78;77.17
660560707;26.21;9.31;25.17;8.97;1.72;51.38
660560708;12.5;2.08;8.33;2.6;3.13;22.92
660560709;2.78;8.33;2.22;1.11;1.11;13.89
660560710;17.14;27.14;5.71;12.86;2.86;51.43
660560711;16.67;20.83;6.94;13.89;1.39;47.22
660560712;26.87;14.98;10.13;3.08;2.64;44.49
660560801;6.56;9.27;4.25;2.7;1.16;20.08
660560802;7.36;6.93;1.73;4.76;2.6;20.78
660560803;9.7;3.36;1.49;3.36;3.36;17.91
660560804;3.7;2.06;0;0.41;1.23;7.41
660560805;4.96;9.62;1.46;0.87;0.87;16.62
660560806;1.44;23.83;0.72;0.36;1.44;27.08
660560807;2.78;8.33;1.11;0.83;0.56;12.5
660560808;2.23;10.06;0;2.23;0;13.41
660560809;2.39;8.96;0.9;1.19;2.09;13.73
660560810;11.41;11.41;2.72;1.09;1.63;20.65
660560811;3.59;5.25;1.38;1.66;0.28;12.15
660560812;6.18;6.99;0.81;3.23;1.08;17.2
660560813;8.16;5.31;2.45;4.08;4.08;20.82
660560901;2.21;1.66;4.97;3.31;1.66;13.81
660560902;5.34;2.91;0.49;2.43;0.97;11.17
660560903;3.5;2.62;0.58;0.87;1.17;8.75
660560904;5.37;3.72;3.31;2.89;1.65;14.88
660560905;2.26;2.26;0;1.29;1.61;6.77
660560906;5.49;2.53;0;0.42;1.27;8.86
660560907;13.87;2.89;9.25;1.16;1.16;26.59
660560908;17.48;1.4;1.4;0;2.1;20.28
660560909;14.53;7.77;9.12;2.7;0.68;28.04
660560910;7.69;10.7;1.67;2.01;1.34;20.74
660560911;12.45;6.23;6.59;2.56;3.3;25.27
660560912;16.67;10.94;3.65;2.08;3.13;30.21
660561001;7.32;4.88;4.39;1.95;0.49;17.07
660561002;1.45;36.96;0.72;0.36;0.36;39.13
660561003;1.13;5.66;0;0.38;0.75;7.55
660561004;5.18;12.62;2.27;3.24;0.32;22.98
660561005;5.2;2.6;4.46;1.49;2.97;15.61
660561006;1.6;11.18;0.32;0;0;12.78
660561007;0.98;7.35;0;0;0.98;8.33
660561008;2.96;1.48;1.48;1.97;0.99;8.87
660561009;0.82;13.17;0.41;2.47;0.82;17.28
660561010;2.24;8.96;1.12;1.12;0;13.06
660561011;4.96;4.96;0;0.71;0;9.22
660561012;10.2;4.08;7.48;0;0.68;21.77
660561013;12.75;5.1;3.97;1.42;1.42;22.38
660561014;21.3;5.05;6.86;3.25;2.89;35.02
660561101;9.06;1.51;9.06;1.81;0.91;19.64
660561102;4.03;3.75;2.02;1.15;1.44;11.82
660561103;4.67;8.79;2.2;1.1;0.82;14.56
660561104;8.36;2.51;4.46;3.34;1.39;18.11
660561105;16.91;1.47;9.93;2.21;3.31;28.31
660561106;4.58;2.92;3.75;2.5;2.92;14.17
660561107;0.84;6.98;1.4;0.28;0.28;8.94
660561108;2.03;2.7;1.35;1.35;0;6.76
660561109;3.44;6.25;0.63;0.31;0.94;10.63
660561201;4.13;29.21;1.59;0.32;0;34.29
660561202;0.44;56;0;2.22;0;56.44
660561203;6.27;46.86;4.8;1.85;0.74;56.09
660561204;1.94;34.63;0;0.28;0.28;35.73
660561205;2.87;18.79;0.32;0.96;0.64;22.29
660561206;4.98;20.87;2.18;0.93;0.62;28.04
660561207;5.2;26.8;1.6;2;1.6;34.8
660561208;1.84;11.98;1.84;0.46;0;15.21
660561209;3.98;7.34;1.22;0;0.61;12.23
660561210;4.63;3.2;4.63;3.91;1.78;14.59
660561211;13.14;3.39;8.47;2.12;1.27;25.42
660561301;8.45;3.94;5.35;1.41;2.25;18.31
660561302;7.34;11.14;2.45;1.36;1.36;20.65
660561303;2.05;1.47;0.29;0.88;0.29;4.69
660561304;2.06;7.65;1.76;0.59;0.29;10
660561305;1.69;6.78;0;0;0;8.47
660561306;1.07;6.43;2.14;0;0.8;10.46
660561307;0;1.28;0.64;0.64;0.64;3.21
660561308;0.88;5.26;0;0.44;0;6.14
660561309;0.79;7.48;1.18;0;0.39;8.66
660561310;2.91;6.55;0;0;0.36;9.45
660561311;0;12.31;1.54;0;0;13.85
660561312;0.8;6.97;0.27;0.27;0.8;8.58
660561313;2.28;8.75;0.38;0.76;1.14;12.55
660561314;6.47;2.88;2.52;0.36;1.8;11.87
660561315;8.81;3.83;4.98;3.07;1.92;20.31
660561316;13.39;1.79;1.79;1.79;3.13;20.09
660561401;0;15.56;0;4.44;1.48;21.48
660561402;2.06;13.06;0;0.69;0.34;16.15
660561403;1.53;6.13;0.77;0;0.38;8.43
660561404;1.68;9.06;2.01;0.34;1.01;13.42
660561405;1.74;6.4;1.45;2.33;0;11.05
660561406;6.68;5.3;4.15;2.07;3.46;18.89
660561407;5.64;9.8;3.19;1.23;1.23;18.63
660561408;6.78;19.51;2.71;0.81;1.08;27.91
660561409;6.06;3.7;2.69;2.69;2.02;15.49
660561410;5.33;5.58;0.51;1.52;2.28;13.96
660561411;1.55;1.86;0.93;0.31;1.24;5.57
660561412;2.89;1.73;2.31;2.6;1.16;9.54
660561413;2.1;16.78;0;1.05;0;19.58
660561414;4.44;7.3;0.63;0.63;0.63;12.06
660561501;1.56;37.4;1.04;1.56;1.3;40.78
660561502;0.6;36.12;0.3;0.9;0;36.42
660561503;3.13;45.63;3.44;1.56;0.63;50.63
660561504;0.37;17.65;0.37;1.47;0.37;20.22
660561505;2.9;8.12;0.58;2.61;1.16;14.78
660561506;0.9;2.26;1.36;0;0.45;4.98
660561507;3.72;4.13;0.83;2.07;0.83;10.33
660561508;4.29;4.55;2.27;1.52;1.52;12.37
660561509;6.38;2.13;2.43;2.74;1.52;14.29
660561510;5.43;38.76;3.1;2.33;1.55;46.77
660561511;3.85;14.29;1.65;4.4;2.47;23.9
660561512;7.36;7.36;2.15;0.92;1.53;18.4
660561513;7.23;5.03;4.09;1.26;3.14;17.3
660561514;14.87;2.6;5.58;1.49;1.86;23.79
660561515;5.82;14.29;4.76;0.53;0.53;25.4
660561516;7.69;6.29;1.75;0.35;1.4;16.08
660561601;1.14;34.66;1.14;0;1.14;35.23
660561602;2.29;8.78;0.76;0.76;0.38;12.21
660561603;2.03;5.69;0;1.22;0.81;9.35
660561604;5.76;0.52;3.66;0.52;0;9.42
660561605;7.94;1.81;1.81;0.72;1.08;11.91
660561606;4.69;8.2;2.73;2.34;1.17;16.8
660561607;12.44;2.39;2.39;0.48;1.91;17.7
660561608;0.95;4.13;0.95;0.32;0.32;6.67
660561609;2.31;5.49;1.45;0.58;0.87;9.83
660561610;3.07;8.53;0.68;0.68;1.37;13.31
660561611;0.51;7.14;2.04;0;0.51;10.2
660561612;1.03;7.73;0;1.03;0.52;10.31
660561613;2.2;40.25;0.63;0.31;0;42.14
660561614;4.91;41.75;3.86;0;0.35;47.72
660561615;2.34;14.04;8.19;0.58;1.75;22.22
660561616;1.08;20.81;1.89;1.35;0.81;25.41
660561617;1.45;6.52;2.9;1.45;0;11.59
660561701;4.6;4.36;0.24;1.69;0.97;10.9
660561702;10.24;9.16;5.12;1.89;1.35;25.61
660561703;6.45;11.83;4.66;2.87;1.08;25.81
660561704;2.29;27.86;1.15;1.91;1.53;33.97
660561705;3.9;1.73;0.43;1.73;3.9;10.39
660561706;4.13;4.13;0.46;1.38;0.92;10.09
660561707;3.58;10.75;0.36;1.08;1.43;14.7
660561708;4.17;1.67;0;0.83;0.42;7.08
660561709;0.85;2.99;0.43;0.85;0;4.7
660561710;9.38;7.81;4.69;3.13;0.63;24.06
660561711;3.86;12.28;2.11;0.7;0;15.79
660561801;12.78;1.32;7.05;3.52;8.81;26.43
660561802;6.79;0.62;1.85;6.17;4.94;17.9
660561803;1.7;1.14;0;1.14;0;3.98
660561804;1.01;5.56;0.51;0.51;0.51;7.07
660561805;3.19;3.19;0.53;0;1.6;7.45
660561806;3.35;3.35;0;1.12;2.23;8.94
660561807;10.73;17.65;2.42;2.42;0.69;33.22
660561808;8.47;11.02;6.78;1.13;3.39;27.4
660561809;13.49;23.02;3.17;1.98;4.37;31.35
660561810;7.69;16.63;2.48;1.74;2.73;25.31
660561811;15.87;0.4;9.92;0.79;3.97;25.4
660630101;0;40;80;0;0;100
660630102;0;0;0;0;0;0
660630103;0;0;28.57;0;0;28.57
660630104;0;0;40.74;0;0;40.74
660630105;0;0;28.57;0;0;28.57
660630106;0;0;50;0;0;50
660630107;6.52;13.04;10.87;0;1.45;28.99
660630108;1.35;1.35;10.81;0;1.35;10.81
660630109;0;4.76;14.29;9.52;0;23.81
660630110;6.06;6.61;0.83;0.55;1.1;13.5
660630111;2.08;4.17;2.78;0.35;1.04;9.38
660630201;10.71;0;28.57;0;3.57;39.29
660630202;2.25;0;10.11;1.12;1.12;14.61
660630203;4;0;68;0;0;68
660700101;15.79;0;21.05;10.53;5.26;42.11
660700102;0;0;0;8.7;0;8.7
660700103;0;2.44;0;4.88;4.88;9.76
660700104;0;6.67;0;2.67;2.67;10.67
660700105;7.5;0;10;2.5;5;22.5
660700106;0;0;0;10.71;10.71;21.43
660700107;0;0;0;0;0;0
660700201;6.41;0.64;3.21;3.85;1.28;14.1
660700202;0;0;0;37.5;12.5;50
660700203;5.49;3.66;3.05;1.83;0.61;14.02
660700204;3.68;2.94;8.09;2.94;2.21;14.71
660700205;4.48;8.96;1.49;8.21;2.24;23.13
660700206;7.78;7.78;1.11;5;1.11;20.56
660700207;0;1.56;1.56;14.06;1.56;17.19
660700208;7.58;1.52;9.09;3.03;1.52;19.7
660700301;5.56;0;27.78;0;0;33.33
660700302;0;0;100;0;0;100
660700401;0;0;0;12.5;0;12.5
660700402;0;0;15.38;0;7.69;23.08
660700403;0;12.5;0;0;0;12.5
660700404;0;0;0;0;0;0
660700405;0;22.22;0;11.11;0;33.33
660700406;14.29;14.29;42.86;14.29;0;71.43
660700407;0;5.41;5.41;5.41;0;16.22
660700501;0;0;66.67;0;0;66.67
660700502;0;0;100;0;0;100
660700503;2.82;5.63;7.04;1.41;0;14.08
660700504;6.56;0;6.56;3.28;0;13.11
660700505;0;0;0;0;0;0
660700506;0;0;100;25;0;100
660700507;4.06;4.06;0;0;1.52;9.14
660700508;2.83;3.77;0;0;0;6.6
660700509;4.7;22.82;6.71;2.68;2.01;32.21
660770101;12.5;4.17;83.33;0;4.17;83.33
660770102;1.9;2.86;2.86;1.9;1.9;11.43
660770103;0;4.67;2.8;0;0.93;6.54
660770104;2.11;0.7;0.7;0.7;0;4.23
660770105;0.51;5.64;3.59;0.51;0;9.23
660770106;0.81;8.87;0;0;0;9.68
660770107;0.57;2.87;0.57;0;0;4.02
660770108;1.48;5.9;0;0.37;0.37;8.12
660770109;0.79;5.51;0;0;0;6.3
660770110;1.93;9.18;0;0;0;11.11
660770111;3.47;18.06;2.43;0.69;0;20.83
660770112;3.07;2.45;1.84;0;0;6.75
660770113;3.3;6.04;1.65;0.55;0;9.89
660770114;2.73;6.82;0;0.45;0;10
660770115;1.85;2.31;0.46;0.93;0.46;5.56
660770201;0;11.11;77.78;0;0;88.89
660770202;0;10;5;0;0;15
660770203;0;7.84;3.92;0;0;11.76
660770204;2.03;21.83;0.51;1.02;0.51;24.87
660770205;2.67;4.81;2.14;0.53;0;8.56
660770206;4.25;5.19;4.72;0;0.47;14.15
660770207;6.3;6.3;4.87;1.15;0.86;14.9
660770208;2.08;10.42;2.08;2.08;0;16.67
660770209;1.89;13.21;0;0;0;15.09
660770301;0;9.52;28.57;0;0;28.57
660770302;0;0;0;0;0;0
660770303;0.56;2.79;2.23;0;0;5.03
660770304;0;8;2;2;0;12
660840101;1.65;4.96;6.61;4.96;0.83;17.36
660840102;0.66;2.63;5.26;0.66;1.32;10.53
660840103;0;0;15.38;0;0;15.38
660840104;12.24;14.97;5.44;19.05;0.68;41.5
660840105;4;0;12;0;0;16
660840106;6.15;15.9;1.03;5.13;1.54;26.67
660840107;4.55;9.09;1.7;0;1.7;13.64
660840108;3.52;4.88;0.27;0.81;1.08;10.03
660840109;3.16;3.86;0.35;5.26;0.35;12.28
660840110;5.49;3.92;8.63;3.14;1.18;21.18
660840201;0;7.14;14.29;0;0;21.43
660840202;6.67;6.67;0.95;5.71;0;16.19
660840203;8;8;10;4;0;22
660840204;3.77;0;5.66;0;1.89;9.43
660840205;4.78;3.48;0.43;0.87;1.3;9.13
660910101;6.25;0;0;3.13;6.25;15.63
660910102;5.88;11.76;0;0;0;14.71
660910103;8.33;0;16.67;5.56;0;27.78
660910104;3.03;0;12.12;0;6.06;18.18
660910105;10;4;0;0;0;14
660910201;0;0;11.76;5.88;5.88;11.76
660910202;6.67;0;10;3.33;0;20
660910203;0;0;11.11;0;0;11.11
660910204;0;1.37;2.74;1.37;0;5.48
660910205;8.85;4.42;3.98;0.44;0.88;16.81
660980101;3.85;3.85;15.38;0;3.85;17.31
660980102;0;7.41;18.52;0;0;18.52
660980103;0;11.54;0;0.77;0.77;13.08
660980104;0;0;0;0;0;0
660980105;1.4;3.27;1.87;2.34;0.47;7.94
660980106;6.61;7.49;1.76;0.88;1.32;15.42
660980107;2.27;3.57;0.32;0.32;0.65;7.14
660980108;4.9;8.04;6.29;1.05;0;17.13
660980109;1.32;9.21;7.02;0.88;0;13.6
660980110;2.94;1.68;2.1;0;2.1;7.98
660980201;0;0;18.75;0;6.25;25
660980202;0;0;0;0;0;0
660980203;5.77;3.85;6.73;0.96;2.88;17.31
660980204;0;0;37.5;0;0;37.5
660980205;8.79;9.89;0;1.1;1.1;18.68
660980206;0;0;71.43;0;0;71.43
660980207;9.09;11.36;0.76;1.52;0.76;18.94
660980208;0.84;7.56;1.68;0.84;0;10.92
660980209;4.97;4.97;0;0;0.62;9.94
660980210;2.38;8.33;1.19;0.6;1.19;11.31
660980211;1.75;7.89;3.51;0;0;13.16
661050101;0;0;0;0;0;0
661050102;0;0;0;0;0;0
661050103;0;0;0;0;0;0
661050104;4.72;33.02;16.98;0.94;0.94;39.62
661050201;0;0;14.29;0;0;14.29
661050202;6.58;2.63;3.95;0;0;11.84
661050203;3.7;0;14.81;5.56;3.7;18.52
661050204;20;6.67;0;6.67;6.67;40
661050205;0;0;16.67;0;0;16.67
661050206;5.88;5.88;17.65;0;0;17.65
661050207;0;0;0;0;0;0
661050208;0;11.11;0;0;0;11.11
661050209;10.2;1.02;0.51;1.53;2.04;15.31
661050210;6.84;3.42;0.43;2.14;3.85;14.96
661050211;6.7;8.48;0.45;1.34;2.23;17.86
661050212;5.69;1.63;0;0.81;0;8.13
661050213;4.12;8.25;0;1.03;1.55;14.95
661050214;14.43;6.7;3.09;0.52;3.09;22.68
661050215;11.79;0.44;2.18;1.31;1.75;14.85
661050216;5.77;1.92;0;5.77;0;13.46
661120101;5.71;17.14;11.43;0;0;28.57
661120102;0;8;4;0;0;12
661120103;16.67;16.67;16.67;0;16.67;50
661120104;0;8.89;2.22;0;0;8.89
661120105;4.35;0;13.04;0;0;17.39
661120106;5.42;21.18;3.94;0.49;1.48;30.05
661120107;0;4.76;0;0;0;4.76
661120108;4.37;8.2;4.92;1.09;0.55;16.39
661120109;4.07;5.93;1.11;0.74;2.96;14.44
661120110;3.05;8.4;3.82;1.15;0;16.03
661120111;2.8;4.9;1.4;0;0;7.69
661120112;5.83;16.14;0.9;0.9;1.79;23.77
661120113;3.57;0;1.43;0.71;0;5.71
661120201;8.99;28.09;3.37;1.12;0;32.58
661120202;0;50;40;0;0;70
661120203;0;33.33;4.76;0;0;33.33
661120204;0;11.54;19.23;3.85;0;23.08
661120205;3.39;0;1.69;0;6.78;11.86
661120206;5.8;0;5.8;0;2.9;14.49
661120207;0;0;0;0;0;0
661120208;4.65;2.62;6.98;3.2;1.45;17.15
661120209;6;2;4;8;2;20
661120210;4.02;6.7;6.7;2.23;0.89;18.3
661120211;1.35;5.41;1.35;4.05;0;12.16
661120212;7.22;8.76;11.34;4.12;0.52;29.38
661120213;3.85;1.48;3.25;2.66;1.18;10.06
661120214;4.81;2.75;3.44;2.06;1.37;13.06
661120215;2.55;1.7;1.98;2.83;1.42;9.35
661120216;4.29;6.79;3.21;1.43;0.71;15
661120217;0.89;5.8;0.89;0.45;0.89;8.93
661120218;5.15;23.16;5.88;1.84;0.74;30.15
661120301;14.2;23.15;15.74;4.32;1.85;42.28
661120302;3.19;5.8;2.9;3.19;2.32;15.07
661120303;3.02;2.16;0;0.86;0.43;6.03
661120304;7.24;9.66;0.69;3.79;1.38;18.97
661120305;2.06;4.36;0.23;1.38;0.92;8.26
661120306;3.11;9;1.04;3.11;1.73;15.92
661120307;4.58;7.63;5.34;2.29;0.38;16.79
661120308;9.93;18.89;10.17;5.33;3.15;35.35
661120309;6.28;19.73;2.24;1.79;1.35;27.35
661120310;3.31;3.72;0.41;0.83;1.65;9.5
661120311;1.35;3.6;0.9;0;1.35;6.31
661120312;5.19;6.92;0.35;4.15;0;13.49
661120313;7.41;5.19;2.59;2.96;0.74;15.19
661120314;4.53;5.83;0.65;2.27;0.32;12.62
661120315;3.79;3.21;4.37;3.79;0.87;12.54
661120316;4.4;11.01;0.63;3.46;0.31;17.3
661120401;3.78;7.22;1.72;1.37;0.69;12.71
661120402;3.06;6.11;1.75;0.44;0.87;11.35
661120403;2.18;2.62;1.31;0;0;6.11
661120404;2.01;2.01;0;0.5;0;4.02
661120405;1.07;2.49;5.69;0.36;0.36;9.25
661120406;1.81;5.17;0.52;0.52;0.26;7.75
661120407;1.64;3.62;0;0.66;0.66;5.59
661120408;4.03;4.32;0;0.58;0.29;8.65
661120409;1.91;1.53;0;0;0.38;3.82
661120410;1.29;4.31;0;1.72;1.72;8.19
661120411;2.6;3.46;1.3;3.03;0.87;10.39
661120412;2.28;3.04;0.76;1.52;0.38;6.84
661120413;0.89;3.55;0;0.3;0.59;5.33
661120414;0.5;4.98;0.5;0.5;0;5.97
661120415;1.39;5.92;0;0.35;0.7;8.36
661120416;7.98;5.46;1.26;1.26;1.26;15.13
661120417;2.62;14.85;1.75;1.31;1.31;20.52
661190101;0;0.93;13.89;0.93;1.85;17.59
661190102;0;0;5.49;1.65;2.2;8.79
661190103;4.24;0;15.25;0;0;19.49
661190104;5.26;0;9.21;1.32;0;15.79
661190105;4.59;1.83;0.92;0;0.92;8.26
661190106;5.04;3.36;0.84;0.84;0;8.4
661190107;0.89;1.79;0;0;0;2.68
661190201;6.16;0;21.23;2.05;0.68;26.03
661190202;13.11;3.28;6.56;0;1.64;19.67
661190203;5.97;0;11.94;0;1.49;16.42
661190204;3.74;0;18.69;1.87;2.8;25.23
661190205;4.72;3.94;1.57;0;0;9.45
661190206;7.91;2.79;0.47;1.4;0;12.09
661260101;0;0;0;0;0;0
661260102;7.89;48.42;10.53;2.11;2.11;60
661260103;5.71;52.38;4.76;4.05;2.14;59.76
661260104;6.25;20.63;10;0;3.13;36.25
661260105;9.23;23.85;6.15;1.28;1.03;35.38
661260106;4.49;30.92;0.5;1.5;2.24;36.16
661260201;0.96;1.92;10.58;0.96;0;12.5
661260202;4.35;10.87;6.52;0;0;21.74
661260203;1.57;0.79;7.87;0.79;0.79;11.02
661260204;13.33;16.67;3.33;0;0;33.33
661260205;9.64;18.15;8.32;1.89;1.7;31.95
661260206;11.04;0.63;1.26;1.26;5.05;17.98
661260207;2.61;8.96;1.87;1.49;0.75;14.93
661260208;11.17;1.06;8.51;0;0.53;19.15
661260209;2.89;9.25;3.47;0.58;0.58;15.61
661260210;4.11;0;7.53;0;1.37;11.64
661260301;8.38;43.11;4.79;2.99;2.4;53.29
661260302;2.35;8.92;0.94;7.04;0.47;16.9
661260303;1.76;5;3.24;0.29;0.88;10.59
661260304;5.33;2.87;3.28;0.41;0.82;11.48
661260401;12.63;33.68;3.16;11.58;0;48.42
661260402;8.46;5.38;0;13.08;1.54;24.62
661260403;4;3.2;3.2;5.6;0.8;13.6
661260404;2.44;26.83;4.88;7.32;0;34.15
661260405;12.12;5.19;11.26;4.76;2.6;29.87
661260406;8.61;19.87;3.31;3.31;1.99;31.13
661260407;29.41;94.12;14.71;5.88;5.88;97.06
661260408;8.33;22.92;8.85;5.21;3.65;39.06
661260409;7.98;29.66;3.8;5.32;3.8;43.73
661260410;12.43;14.05;8.65;8.11;7.57;40
661260501;0;0;0;0;0;0
661260502;1.47;4.41;1.47;1.47;0;8.82
661260503;0;100;0;14.29;0;100
661260504;4.2;9.24;0;5.04;2.52;14.29
661260505;3.95;3.95;0;1.32;1.32;9.21
661260601;14.86;24.32;7.43;9.46;3.38;46.62
661260602;2.04;4.08;12.24;12.24;0;26.53
661260603;3.14;4.71;6.28;5.76;0.52;14.66
661260604;3.13;1.56;7.81;4.69;4.69;20.31
661260605;3.61;8.43;10.84;3.61;3.61;24.1
661260606;13.64;13.64;0;9.09;0;31.82
661260607;8;0;4;4;4;12
661260608;0;0;0;11.11;0;11.11
661260701;9.54;4.9;0.82;3.81;3.54;19.62
661260702;2.9;16.81;0.58;0.29;0;20.29
661260703;4.17;11.98;1.3;0.78;1.04;17.71
661260704;10.21;2.82;1.06;3.17;4.23;18.66
661260705;8.68;5.53;2.37;2.63;4.74;21.84
661260706;7.35;2.21;2.45;2.7;2.45;14.46
661260707;2.86;5.31;1.22;0.41;2.04;11.43
661260708;2.88;4.12;0.82;2.06;0.41;10.29
661260709;2.89;6.2;0;1.24;0.41;9.5
661260710;1.75;8.74;0;1.05;0;10.14
661260711;0.31;2.48;0.31;0.62;0;3.73
661260712;5.57;6.97;3.14;2.44;1.05;17.07
661260713;4.07;29.26;1.48;4.44;2.96;38.52
661260801;1.39;8.91;1.11;0.28;0.56;11.98
661260802;2.24;12.61;1.12;0.28;0.28;15.41
661260803;4.52;0.53;1.86;1.06;1.6;9.57
661260804;2.53;5.91;1.69;0;0.42;9.28
661260805;3.53;4.59;0.71;1.06;0;9.19
661260806;0.87;4.96;0;2.33;0.29;7.87
661260807;0.95;3.81;0;0;0.32;5.08
661260808;1.18;0.39;0.39;0.39;0.79;2.76
661260809;2.12;2.12;1.06;1.59;0.53;7.41
661260810;4.49;0.37;1.5;1.12;0.75;7.87
661260811;3.06;10.58;2.51;0.56;1.67;16.71
661260812;1.42;19.94;1.42;0.85;1.14;22.51
661260901;0;53.04;0;2.43;0.81;53.85
661260902;0.33;27.24;0.33;1.33;0.66;29.24
661260903;1.91;20.23;0.76;1.91;0.38;23.66
661260904;2.13;33.33;0.71;1.06;0.71;37.59
661260905;7.5;22.92;5.42;2.08;0.42;31.25
661260906;4.18;3.34;1.11;2.23;1.67;11.14
661260907;5.97;0.3;3.58;1.79;1.79;12.54
661260908;11.51;0.51;9.46;2.05;1.28;21.99
661260909;8.7;31.64;9.18;4.35;1.45;45.17
661260910;7.36;9.26;7.9;3.81;0.82;24.8
661260911;5.18;14.02;4.88;3.66;0.61;25
661261001;0.96;14.83;0.96;1.91;0.48;17.7
661261002;1.27;5.08;0.42;1.27;0.42;8.47
661261003;4.29;4.29;2.15;1.72;0.86;11.59
661261004;2.08;9.58;1.67;2.5;1.67;17.08
661261005;2.87;3.82;0;1.27;1.27;8.92
661261006;4.74;2.77;0;1.19;0.79;8.7
661261007;3.83;3.4;0.85;2.55;0.43;11.06
661261008;6.1;12.5;1.83;2.13;2.13;21.95
661261009;3.35;13.01;1.86;1.49;2.23;19.7
661261010;3.37;2.69;1.01;3.03;1.01;10.44
661261011;3.02;12.56;1.4;1.86;1.4;18.6
661261012;3.06;1.31;0.87;3.06;2.18;8.73
661261013;0.48;2.39;0;2.39;1.44;6.7
661261014;1.55;8.76;0;2.58;0;12.37
661261015;4.29;1.72;2.15;0;0.43;7.3
661261101;3.95;2.74;0.61;1.22;1.82;10.03
661261102;1.53;12.21;0;0.76;0.25;14.25
661261103;8.61;2.97;2.97;2.67;1.48;16.32
661261104;8.07;0.45;2.69;3.59;2.69;15.25
661261105;5.23;0.31;3.69;2.77;2.46;14.15
661261106;4.78;22.53;3.41;2.05;0.34;31.4
661261107;2.94;3.43;5.39;1.96;0.98;13.73
661261108;2.32;3.86;0.77;1.93;0.77;8.49
661261109;5.16;41.31;0.94;2.35;0.47;47.42
661261110;1.61;34.68;0.4;2.42;0.4;38.31
661261201;7.6;5.2;4.4;4.8;1.6;20.4
661261202;1.85;1.85;2.31;3.24;2.31;10.65
661261203;2.11;7.25;0;0.6;0.91;10.57
661261204;4.21;5.79;1.05;1.05;1.05;10.53
661261205;4.17;6.67;0.42;0.42;0;10.42
661261206;2.17;7.76;0.62;2.48;0.62;12.73
661261207;0;11.73;0;0.31;0;11.73
661261208;5.44;9.52;3.74;2.72;2.04;21.77
661261209;5.28;5.63;5.28;1.41;2.46;18.66
661261210;5.65;3.99;3.65;2.66;0.66;15.28
661261211;3.21;5.43;2.72;1.48;0.74;12.35
661261212;3.93;5.5;0.52;0.79;3.14;12.3
661261213;0.61;2.42;0;1.21;0;4.24
661261214;2.23;4.7;0.74;1.98;0.25;9.16
661261215;3.23;2.93;1.47;0.29;1.47;8.8
661261216;5.03;17.16;0.59;0.89;0.59;23.37
661261217;1.64;29.28;0.66;0.99;0.33;31.58
661261301;4.73;7.57;4.73;1.89;0.63;15.46
661261302;2.82;3.63;2.02;2.82;1.21;9.68
661261303;0.47;0.94;0;1.42;0.47;3.3
661261304;0.47;1.89;0;0;0;2.36
661261305;1.87;5.92;0.31;0.31;1.25;8.1
661261306;3.35;6.19;2.32;0.52;0.52;9.54
661261307;4.87;7.95;1.28;2.56;2.05;17.18
661261308;4.23;13.29;3.63;0.6;0.6;19.64
661261309;5.17;32.76;4.83;0;0.34;36.55
661261310;6.85;9.82;2.68;1.19;1.19;18.45
661261311;7.78;10.18;4.19;1.2;1.2;21.26
661261401;9.32;7.63;9.32;2.54;1.69;27.12
661261402;3.16;8.91;0.29;1.44;0.86;12.36
661261403;7.98;6.38;1.6;3.19;2.13;20.21
661261404;8.56;2.33;3.11;3.11;2.72;18.29
661261405;10.27;23.19;5.7;7.22;4.56;41.44
661261406;7.08;6.8;11.61;5.1;2.55;26.91
661261407;14.04;11.06;17.45;1.28;2.55;41.7
661261408;15.75;0;3.77;7.19;2.05;24.66
661261409;9.94;11.18;8.07;1.24;6.21;31.06
661261410;12.7;7.14;2.38;2.78;3.57;25.4
661261411;10.38;9.43;4.72;6.6;3.46;29.87
661261412;3.41;9.6;0.93;0.31;2.79;15.79
661261413;2.74;6.99;3.04;2.13;2.13;13.68
661261501;9.96;7.47;9.96;2.9;4.15;30.29
661261502;3.26;0.54;3.26;1.09;0;7.61
661261503;4.8;7.73;1.33;1.87;1.87;16.8
661261504;1.79;15.18;1.34;1.79;3.13;20.98
661261505;1.28;6.41;0.43;1.71;2.56;11.11
661261506;1.92;23.64;1.6;2.88;0.96;29.39
661261507;1.3;4.76;3.03;0.43;1.3;9.52
661261508;5.34;8.4;8.4;4.2;1.53;24.43
661261509;6.57;5.56;2.02;1.01;3.03;15.15
661261510;0.47;1.9;1.42;1.42;2.84;6.64
661261511;5.76;15.71;0.52;1.05;1.05;23.04
661261512;3.52;6.53;2.51;0.5;1.51;12.56
661261513;3.96;2.88;2.16;2.52;1.08;11.15
661261514;5.3;12.46;8.41;0.31;1.25;25.55
661261515;7.37;2.11;17.89;2.11;1.58;28.68
661261601;3.27;4.49;0;2.45;2.86;11.43
661261602;2.92;9.58;1.67;0.83;3.75;17.92
661261603;5.31;10;2.19;5.31;3.13;22.5
661261604;13.98;17.56;9.68;7.17;5.02;42.29
661261605;5.44;4.18;2.09;3.77;2.51;16.32
661261606;11.43;22.86;5.08;0.63;3.17;33.33
661261607;5.54;2.77;3.11;3.81;1.73;14.53
661261608;3.57;11.04;2.27;2.92;0.65;18.83
661261609;7.57;36.28;9.46;2.21;2.84;48.26
661261610;1.66;1.33;3.32;1.33;2.33;9.63
661261611;0;4.15;1.89;0.75;2.26;9.06
661261612;1.99;2.49;0;3.98;0;8.46
661261613;2.23;20.11;0;5.59;0.56;25.7
661261614;2.55;8.67;1.53;3.57;0.51;14.8
661330101;29.9;17.68;27.81;4.5;1.93;60.77
661330102;37.54;3.62;45.94;8.7;2.46;66.81
661330103;21.05;1.05;23.16;5.26;2.11;36.84
661330104;17.92;39.31;29.48;4.05;6.36;68.21
661330105;5.41;0;13.51;5.41;2.7;24.32
661330106;40.48;1.81;40.18;2.42;3.63;63.14
661330107;16.67;33.33;8.33;5.56;2.78;52.78
661330108;34.26;12.35;32.67;7.57;0.8;62.95
661330109;39.76;15.06;12.05;10.84;1.81;60.24
661330110;10.66;24.87;5.08;2.03;1.02;38.07
661330111;18.22;16.89;2.22;1.78;0.89;33.33
661330112;12.33;10;2.33;2.67;1.33;26
661330113;7.61;4.06;6.09;3.55;1.52;21.32
661330114;23.66;13.84;7.14;6.25;3.13;41.52
661330201;17.78;6.67;17.78;2.22;0;31.11
661330202;2.63;0;21.05;5.26;2.63;26.32
661330203;15.49;0;38.5;4.23;2.82;46.01
661330204;9.09;3.03;3.03;0;3.03;15.15
661330205;0;5.26;10.53;5.26;0;21.05
661330206;19.35;0;53.23;1.61;1.61;58.06
661330207;0;0;0;5;0;5
661330208;12.33;1.37;20.55;12.33;2.74;31.51
661330209;12.69;8.96;17.54;2.61;1.87;32.84
661330210;35.33;14.25;29.06;6.27;1.99;62.96
661330211;0;11.96;0;0;3.26;15.22
661330301;20.55;12.33;20.55;2.74;0;36.3
661330302;17.57;7.43;20.27;2.03;2.7;39.86
661330303;2.94;29.41;0;0;2.94;32.35
661330304;5.48;1.37;9.59;0;2.74;19.18
661330305;33.98;20.39;68.93;1.94;0;74.76
661330306;9.09;0.65;14.29;5.84;3.25;29.22
661330307;9.38;3.13;3.13;0;6.25;21.88
661330308;16.98;0.94;19.81;0.94;1.89;30.19
661330309;15.15;0;24.24;6.06;3.03;30.3
661330310;17.93;0.69;31.03;4.83;3.45;42.76
661330311;4;5.6;4.8;1.6;1.6;16
661330312;15.49;1.41;9.86;3.52;0.7;23.94
661330313;18.98;5.11;13.87;0;0.73;29.2
661330401;8.71;16.09;5.54;3.96;2.64;28.76
661330402;9.13;7.98;13.69;1.9;1.52;28.14
661330403;11.63;0;0;2.33;6.98;20.93
661330404;13.41;13.79;11.49;1.53;5.36;39.08
661330405;17.61;12.58;27.04;3.14;5.03;51.57
661330406;13.6;23.87;3.63;4.83;2.11;37.46
661330407;20;0;93.33;0;13.33;93.33
661330408;3.27;15.92;3.27;0.82;0;21.63
661330409;6.16;12.8;2.37;0.47;0.47;21.33
661330410;7.73;28.35;3.09;1.55;1.03;40.21
661330411;19.05;30.16;5.56;4.76;4.76;49.21
661330412;6.12;20.41;7.65;1.02;0.51;31.12
661330413;3.85;24.73;2.2;1.1;1.65;30.77
661330414;7.91;18.71;3.6;2.88;0.72;25.9
661330415;24.68;21.65;28.14;9.52;1.73;60.61
661330416;9.95;12.94;2.99;1.49;3.98;25.87
661330501;5.67;8.51;4.96;1.42;3.55;19.86
661330502;15.24;10.37;19.51;1.83;1.22;36.59
661330503;2.9;11.29;2.26;1.29;1.29;17.1
661330504;4.29;18.21;0.71;0.36;1.07;23.21
661330505;5.13;7.69;5.98;4.27;0;18.8
661330506;3.18;9.55;5.1;0.64;1.91;18.47
661330507;2.35;0;4.71;0;1.18;7.06
661330508;16;22.67;9.33;0.67;2;40.67
661330509;16.8;19.2;15.2;1.6;2.4;41.6
661330510;34.18;1.9;29.11;8.23;12.03;62.66
661400101;3.7;11.11;11.11;7.41;3.7;33.33
661400102;0;8;0;0;0;8
661400103;1.96;1.96;1.96;1.96;0;7.84
661400104;0;0;0;0;0;0
661400105;9.8;5.88;8.82;0.98;1.96;25.49
661400106;0;0;0;0;0;0
661400107;9.38;2.08;10.42;1.04;1.04;21.88
661400108;5.68;1.23;2.47;1.48;1.23;10.62
661400109;6.07;8.74;5.1;2.18;2.18;20.39
661400110;9.57;3.72;0.53;2.93;1.86;17.29
661400111;0.39;0;1.16;0;0;1.54
661400112;3.33;1.67;1.67;0;0;5
661400201;3.13;6.25;12.5;3.13;0;25
661400202;0;0;0;0;0;0
661400203;0;54.17;6.25;0;0;56.25
661400204;1.69;40.68;11.86;0;0;42.37
661400205;0;3.7;7.41;0;0;11.11
661400301;3.7;0;3.7;0;0;7.41
661400302;4.26;21.28;10.64;0;2.13;34.04
661400303;0;14.29;42.86;0;0;57.14
661400304;0;6.9;0;0;3.45;10.34
661400305;0;0;0;0;0;0
661400306;0;40;20;0;0;40
661400307;0;22.22;3.7;0;3.7;25.93
661400308;0;41.67;33.33;0;0;58.33
661400309;16.67;16.67;25;0;8.33;33.33
661400310;3.98;7.46;2.99;1.99;1;14.43
661400311;4.07;12.67;2.26;0;0.45;16.29
661400312;1.97;3.45;1.48;0.49;1.48;7.88
661400313;0;1.57;2.36;0.79;3.15;7.09
661400401;0;8.33;11.11;0;0;13.89
661400402;2.08;2.08;0;2.08;0;6.25
661400403;0;1.9;0.95;2.86;0;5.71
661400404;3.65;2.92;5.84;0.73;0;11.68
661400405;5.08;6.78;1.69;1.69;1.69;13.56
661400406;0;4.76;47.62;4.76;0;57.14
661400407;0;0;0;0;0;0
661400501;0.79;3.44;2.38;1.06;1.06;7.94
661400502;1.98;6.35;0.79;0.4;1.19;9.13
661400503;6.77;2.77;4;1.54;1.54;13.54
661400504;4.81;4.12;5.03;1.83;0.92;14.19
661400505;3.36;3.08;0;0.28;0.56;7
661400506;4.12;4.53;0.82;0.41;0.41;9.47
661400507;3.24;0.93;6.48;0;0;9.26
661400508;0;0.51;0;0;0.51;1.01
661400509;1.23;3.07;0.61;0;0;4.91
661400601;2.27;4.79;2.77;0.5;1.51;10.33
661400602;1.17;2.92;1.17;0;0.58;5.85
661400603;1.3;2.61;0;0.43;1.3;5.22
661400604;0.47;5.16;0;0;0.47;6.1
661400605;1.15;2.87;0.86;0.29;0.29;4.89
661400606;1.42;7.09;1.06;0;0.35;9.22
661400607;6.17;3.7;1.65;0.82;1.23;11.93
661400608;2.18;4.36;2.42;0.97;1.94;11.62
661400609;2.4;3.85;1.44;0;0;6.73
661400610;1.1;2.76;0;0;0;3.87
661400611;4.95;0.33;2.97;1.65;0.66;9.24
661400612;2.53;0.51;0.51;2.53;1.52;6.57
661400613;2.92;2.5;3.33;2.08;0;8.75
661400614;2.37;1.32;1.58;1.84;0.26;6.84
661400615;5.37;2.48;0.41;0.83;0;7.85
661400616;2.13;0;2.98;2.98;0;5.96
661470101;5;0;0;0;10;10
661470102;19.61;1.96;5.88;1.96;1.96;27.45
661470103;12.5;1.79;16.07;0;3.57;30.36
661470104;0;0;7.14;0;0;7.14
661470105;5.13;7.69;5.13;0;5.13;23.08
661470201;10.81;0;0;0;8.11;16.22
661470202;6.78;6.78;3.39;0;0;15.25
661470203;0;0;0;0;0;0
661470204;6.67;0;26.67;0;0;33.33
661470205;0;0;0;0;0;0
661470301;0;0;64.29;0;0;64.29
661470302;0;0;61.54;0;0;61.54
661470303;10;10;15;0;0;30
661470304;0;0;0;0;0;0
661470305;7.89;0;5.26;0;0;13.16
661470306;2.29;8.4;3.05;0.76;0.76;14.5
661470307;7.01;4.88;1.52;1.22;0.91;14.33
661470308;0;0;50;0;0;50
661470309;0;0;0;12.5;0;12.5
661470310;0;0;50;0;0;50
661470311;6.44;4.29;1.29;0.43;0.43;11.16
661470312;3.86;8.88;0.39;0;0.39;13.13
661470313;11.43;8;1.71;1.14;0;18.86
661470401;4.24;5.08;1.41;0.28;0;10.45
661470402;5.25;2.62;0.98;0.98;0.98;9.84
661470403;1.75;10.53;7.02;0;1.75;21.05
661470404;6.25;3.57;0.89;1.79;0.89;12.5
661470405;2.7;10.81;0;0;0;10.81
661470406;0;0;18.75;0;0;18.75
661470407;7.77;11.84;0.78;0.78;1.75;19.61
661470408;10.15;5.54;1.54;0.92;1.54;17.23
661470409;7.79;4.87;1.3;1.3;0.65;15.26
661470410;14.69;5.71;4.9;2.86;2.04;25.31
661470411;16.28;4.19;6.05;0.93;0.47;25.58
661470501;5.45;3.21;1.28;0.32;0.96;10.58
661470502;4.86;3.47;0;0;1.39;9.03
661470503;1.52;0.61;0;1.21;0.3;3.64
661470504;2.51;0.42;0;0.42;0.42;3.35
661470505;1.8;3.24;0;0;0;5.04
661470506;3.13;5.99;0.26;1.04;1.04;9.64
661470507;1.61;1.61;0.4;0.4;0.4;3.61
661470508;3.27;6.91;0;0.36;0.36;10.91
661470509;2.7;2.36;0;0;0;5.07
661470510;3.36;2.52;0;0;0;5.88
661470601;3.67;4.46;2.1;0.26;1.05;9.97
661470602;5.63;3.29;0;1.41;0;8.45
661470603;5.02;11.72;0;0.84;0.42;17.15
661470604;4.02;16.58;0;1.01;1.51;21.61
661470605;2.89;4.69;0;0.72;0;7.94
661470606;1.1;9.89;0;1.1;0;12.09
661470607;0.63;6.33;0.63;0;0.63;8.23
661470608;4.93;10.53;0;0.33;0.66;16.12
661470609;5.85;4.26;1.6;0.53;0;11.7
661470610;4.1;16.41;1.54;2.05;0;20.51
661470611;4.73;4.73;10.06;1.18;0.3;18.34
661470701;6.4;3.45;2.46;0.49;0;11.82
661470702;4.22;4.22;0;0;1.2;9.04
661470703;0.75;1.5;2.26;0;0;3.01
661470704;0;2.7;0;0.9;0;3.6
661470705;3.26;5.43;2.17;0;0;9.78
661470706;0;2.7;0.68;0;0;3.38
661470707;0;0;0;0;0;0
661470708;0;1.43;0;0;0;1.43
661470709;2.22;0;0;0;0;2.22
661470710;2.27;2.27;1.14;0;0;5.11
661470711;2.61;3.48;1.74;0;0.87;8.7
661470712;0.88;1.77;0;0.88;0;3.54
661470713;0;0;0;0;0;0
661470801;6.12;12.24;0;3.57;0;19.9
661470802;5.45;10.12;0;1.17;0.39;14.79
661470803;3.55;3.9;0;0.71;0.35;7.45
661470804;0.53;2.13;0;0;0.53;3.19
661470805;4.65;13.95;3.1;1.55;0;20.16
661470806;4.29;28.33;0;0.86;2.58;32.62
661470807;6.15;4.92;0.62;1.54;0;10.77
661470808;1.97;2.96;0;1.97;0.66;6.91
661470809;3.6;10.43;0;0.36;1.08;13.67
661470810;3.04;10.22;1.1;1.38;0.83;14.36
661470811;9.23;7.69;0.77;5.38;0.77;21.54
661470812;5.66;17.3;2.52;2.83;0.94;26.1
661470813;8.13;3.25;1.22;0.41;0.81;13.01
661540101;0;0;2.44;2.44;0;4.88
661540102;4.82;2.41;4.82;3.61;2.41;14.46
661540103;5.88;0;13.73;3.92;3.92;23.53
661540104;0;0;0;0;0;0
661540105;3.74;10.75;8.88;2.8;1.87;25.23
661540106;3.48;6.96;1.74;0.43;1.74;13.04
661540201;2.97;0;7.92;2.97;0;12.87
661540202;0;0;0;0;3.03;3.03
661540203;2.56;2.56;26.92;0;1.28;30.77
661540204;7.58;1.52;0;1.52;3.03;13.64
661540205;0;0;0;0;0;0
661540206;2.78;0;0;0;0;2.78
661540207;3.82;3.05;11.45;3.05;2.29;20.61
661540208;2.93;5.86;0.33;0.33;0.65;9.45
661540209;7.47;2.14;2.14;1.78;1.42;13.17
661540210;1.44;4.32;2.88;0.72;0;7.91
661540211;3.2;2.4;3.2;0;1.6;10.4
661540212;10.78;3.88;2.59;0.43;0;17.24
661540213;3.4;5.44;1.36;0;0.68;9.52
661610101;2.04;0;2.04;8.16;4.08;16.33
661610102;6.67;6.22;5.78;9.78;4.44;28.89
661610103;4.15;5.81;5.39;3.32;2.07;18.26
661610104;2.56;0;2.56;2.56;0;7.69
661610105;2.68;0;8.93;0;1.79;13.39
661610106;4;1.6;8.8;4;4;20.8
661610107;8.7;0;13.04;0;4.35;21.74
661610108;6.06;0;0;0;6.06;12.12
661610109;3.85;3.85;9.62;3.85;1.92;21.15
661610110;6.19;8.1;2.86;1.9;3.33;20.95
661610111;7.34;14.22;0.46;0.46;0.92;19.72
661610112;0;6.25;0;0;0;6.25
661610201;1.04;2.08;3.13;1.04;2.08;8.33
661610202;0;0;11.89;0.54;2.7;15.14
661610203;0;0;0;0;0;0
661610204;9.52;0;4.76;4.76;4.76;23.81
661610205;0.51;2.53;0;1.01;2.02;5.05
661610206;1.92;3.85;2.56;0;3.21;11.54
661610301;0;0;21.43;0;0;21.43
661610302;0;0;6.25;0;0;6.25
661610303;2.63;0;18.42;2.63;7.89;28.95
661610304;5.81;7.56;4.07;2.91;1.74;20.35
661610305;5;1.67;5;5;1.67;15
661610306;9.33;7.33;3.33;6;2.67;23.33
661610307;6.75;7.98;0.61;4.29;3.68;19.02
661610308;2.61;6.09;2.61;4.35;2.61;15.65
661610309;2.88;0;6.47;3.6;5.04;15.11
